sample,cohort,L1_infiltration,L2_suppression,phenotype
TCGA-3N-A9WB-06,SKCM,-1.722,-1.271,Cold-Desert
TCGA-3N-A9WC-06,SKCM,0.554,1.017,Hot-Suppressed
TCGA-3N-A9WD-06,SKCM,0.166,0.244,Hot-Suppressed
TCGA-BF-A1PU-01,SKCM,-1.131,-1.787,Cold-Desert
TCGA-BF-A1PV-01,SKCM,-1.43,-1.292,Cold-Desert
TCGA-BF-A1PX-01,SKCM,0.661,0.882,Hot-Suppressed
TCGA-BF-A1PZ-01,SKCM,-0.344,-0.477,Cold-Desert
TCGA-BF-A1Q0-01,SKCM,0.224,-0.057,Hot-Active
TCGA-BF-A3DJ-01,SKCM,-0.062,-0.017,Cold-Desert
TCGA-BF-A3DL-01,SKCM,-0.776,-0.584,Cold-Desert
TCGA-BF-A3DM-01,SKCM,-0.168,-0.808,Cold-Desert
TCGA-BF-A3DN-01,SKCM,-0.64,-0.796,Cold-Desert
TCGA-BF-A5EO-01,SKCM,-0.244,0.097,Suppressed-Cold
TCGA-BF-A5EP-01,SKCM,-0.813,-0.693,Cold-Desert
TCGA-BF-A5EQ-01,SKCM,0.206,0.167,Hot-Suppressed
TCGA-BF-A5ER-01,SKCM,-1.04,-0.866,Cold-Desert
TCGA-BF-A5ES-01,SKCM,-0.195,-0.212,Cold-Desert
TCGA-BF-AAP0-06,SKCM,1.314,0.949,Hot-Suppressed
TCGA-D3-A1Q1-06,SKCM,-0.781,-1.205,Cold-Desert
TCGA-D3-A1Q3-06,SKCM,0.154,0.451,Hot-Suppressed
TCGA-D3-A1Q4-06,SKCM,-0.107,-0.343,Cold-Desert
TCGA-D3-A1Q5-06,SKCM,-0.754,-0.756,Cold-Desert
TCGA-D3-A1Q6-06,SKCM,-0.461,-0.194,Cold-Desert
TCGA-D3-A1Q7-06,SKCM,0.968,1.351,Hot-Suppressed
TCGA-D3-A1Q8-06,SKCM,0.15,-0.165,Hot-Active
TCGA-D3-A1Q9-06,SKCM,0.188,0.115,Hot-Suppressed
TCGA-D3-A1QA-06,SKCM,-0.44,0.035,Suppressed-Cold
TCGA-D3-A1QB-06,SKCM,0.748,1.2,Hot-Suppressed
TCGA-D3-A2J6-06,SKCM,-0.312,0.329,Suppressed-Cold
TCGA-D3-A2J7-06,SKCM,0.128,0.137,Hot-Suppressed
TCGA-D3-A2J8-06,SKCM,0.843,1.377,Hot-Suppressed
TCGA-D3-A2J9-06,SKCM,1.177,1.528,Hot-Suppressed
TCGA-D3-A2JA-06,SKCM,0.581,0.734,Hot-Suppressed
TCGA-D3-A2JB-06,SKCM,0.877,0.767,Hot-Suppressed
TCGA-D3-A2JC-06,SKCM,0.482,0.455,Hot-Suppressed
TCGA-D3-A2JD-06,SKCM,0.516,0.119,Hot-Suppressed
TCGA-D3-A2JE-06,SKCM,-1.085,-1.564,Cold-Desert
TCGA-D3-A2JF-06,SKCM,0.759,0.421,Hot-Suppressed
TCGA-D3-A2JG-06,SKCM,-0.647,-0.655,Cold-Desert
TCGA-D3-A2JH-06,SKCM,0.793,1.193,Hot-Suppressed
TCGA-D3-A2JK-06,SKCM,-0.567,-0.878,Cold-Desert
TCGA-D3-A2JL-06,SKCM,0.574,0.452,Hot-Suppressed
TCGA-D3-A2JN-06,SKCM,0.519,0.045,Hot-Suppressed
TCGA-D3-A2JO-06,SKCM,0.544,1.15,Hot-Suppressed
TCGA-D3-A2JP-06,SKCM,0.495,0.367,Hot-Suppressed
TCGA-D3-A3BZ-06,SKCM,0.628,0.757,Hot-Suppressed
TCGA-D3-A3C1-06,SKCM,0.256,-0.393,Hot-Active
TCGA-D3-A3C3-06,SKCM,0.089,0.067,Hot-Suppressed
TCGA-D3-A3C6-06,SKCM,-1.064,-1.202,Cold-Desert
TCGA-D3-A3C7-06,SKCM,0.561,0.862,Hot-Suppressed
TCGA-D3-A3C8-06,SKCM,1.201,1.83,Hot-Suppressed
TCGA-D3-A3CB-06,SKCM,1.589,1.535,Hot-Suppressed
TCGA-D3-A3CC-06,SKCM,-0.288,-0.783,Cold-Desert
TCGA-D3-A3CE-06,SKCM,0.529,0.669,Hot-Suppressed
TCGA-D3-A3CF-06,SKCM,0.831,0.448,Hot-Suppressed
TCGA-D3-A3ML-06,SKCM,-1.877,-2.002,Cold-Desert
TCGA-D3-A3MO-06,SKCM,-0.843,-0.814,Cold-Desert
TCGA-D3-A3MR-06,SKCM,1.119,0.784,Hot-Suppressed
TCGA-D3-A3MU-06,SKCM,0.435,-0.052,Hot-Active
TCGA-D3-A3MV-06,SKCM,-0.835,-0.495,Cold-Desert
TCGA-D3-A51E-06,SKCM,-0.118,0.537,Suppressed-Cold
TCGA-D3-A51F-06,SKCM,1.205,1.667,Hot-Suppressed
TCGA-D3-A51G-06,SKCM,-0.758,0.169,Suppressed-Cold
TCGA-D3-A51H-06,SKCM,1.094,1.027,Hot-Suppressed
TCGA-D3-A51J-06,SKCM,0.973,1.024,Hot-Suppressed
TCGA-D3-A51K-06,SKCM,0.491,-0.044,Hot-Active
TCGA-D3-A51N-06,SKCM,0.694,0.347,Hot-Suppressed
TCGA-D3-A51R-06,SKCM,-1.707,-1.551,Cold-Desert
TCGA-D3-A51T-06,SKCM,-0.301,0.042,Suppressed-Cold
TCGA-D3-A5GL-06,SKCM,-0.79,-1.123,Cold-Desert
TCGA-D3-A5GN-06,SKCM,0.062,0.243,Hot-Suppressed
TCGA-D3-A5GO-06,SKCM,-0.276,0.229,Suppressed-Cold
TCGA-D3-A5GR-06,SKCM,0.819,0.393,Hot-Suppressed
TCGA-D3-A5GS-06,SKCM,0.142,0.456,Hot-Suppressed
TCGA-D3-A5GT-01,SKCM,-1.618,-1.824,Cold-Desert
TCGA-D3-A5GU-06,SKCM,0.2,-0.013,Hot-Active
TCGA-D3-A8GB-06,SKCM,0.588,0.795,Hot-Suppressed
TCGA-D3-A8GC-06,SKCM,-0.402,0.123,Suppressed-Cold
TCGA-D3-A8GD-06,SKCM,1.169,1.326,Hot-Suppressed
TCGA-D3-A8GE-06,SKCM,-0.084,0.396,Suppressed-Cold
TCGA-D3-A8GI-06,SKCM,-0.535,-0.03,Cold-Desert
TCGA-D3-A8GJ-06,SKCM,0.757,1.235,Hot-Suppressed
TCGA-D3-A8GK-06,SKCM,-0.938,-1.052,Cold-Desert
TCGA-D3-A8GL-06,SKCM,-1.661,-1.538,Cold-Desert
TCGA-D3-A8GM-06,SKCM,-0.053,0.42,Suppressed-Cold
TCGA-D3-A8GN-06,SKCM,0.367,0.83,Hot-Suppressed
TCGA-D3-A8GO-06,SKCM,0.485,-0.294,Hot-Active
TCGA-D3-A8GP-06,SKCM,-1.5,-0.898,Cold-Desert
TCGA-D3-A8GQ-06,SKCM,-0.344,0.081,Suppressed-Cold
TCGA-D3-A8GR-06,SKCM,-0.817,-0.948,Cold-Desert
TCGA-D3-A8GS-06,SKCM,0.359,0.834,Hot-Suppressed
TCGA-D3-A8GV-06,SKCM,-1.239,0.176,Suppressed-Cold
TCGA-D9-A148-06,SKCM,-0.061,-0.014,Cold-Desert
TCGA-D9-A149-06,SKCM,0.172,0.369,Hot-Suppressed
TCGA-D9-A1JW-06,SKCM,0.666,0.54,Hot-Suppressed
TCGA-D9-A1JX-06,SKCM,0.467,0.68,Hot-Suppressed
TCGA-D9-A1X3-06,SKCM,-1.462,-1.408,Cold-Desert
TCGA-D9-A3Z1-06,SKCM,0.362,0.639,Hot-Suppressed
TCGA-D9-A3Z3-06,SKCM,0.695,0.303,Hot-Suppressed
TCGA-D9-A3Z4-01,SKCM,0.195,0.033,Hot-Suppressed
TCGA-D9-A4Z2-01,SKCM,-1.023,-1.08,Cold-Desert
TCGA-D9-A4Z3-01,SKCM,-0.27,-0.486,Cold-Desert
TCGA-D9-A4Z5-01,SKCM,-0.365,-0.673,Cold-Desert
TCGA-D9-A4Z6-06,SKCM,-0.035,-0.523,Cold-Desert
TCGA-D9-A6E9-06,SKCM,1.432,1.722,Hot-Suppressed
TCGA-D9-A6EA-06,SKCM,-0.537,-0.394,Cold-Desert
TCGA-D9-A6EC-06,SKCM,-0.443,-0.735,Cold-Desert
TCGA-D9-A6EG-06,SKCM,-1.403,-0.391,Cold-Desert
TCGA-DA-A1HV-06,SKCM,0.69,0.807,Hot-Suppressed
TCGA-DA-A1HW-06,SKCM,0.816,0.882,Hot-Suppressed
TCGA-DA-A1HY-06,SKCM,-0.815,-0.302,Cold-Desert
TCGA-DA-A1I0-06,SKCM,0.448,0.092,Hot-Suppressed
TCGA-DA-A1I1-06,SKCM,0.281,0.695,Hot-Suppressed
TCGA-DA-A1I2-06,SKCM,0.053,-0.161,Hot-Active
TCGA-DA-A1I4-06,SKCM,-0.023,-0.146,Cold-Desert
TCGA-DA-A1I5-06,SKCM,0.68,0.82,Hot-Suppressed
TCGA-DA-A1I7-06,SKCM,-0.107,0.45,Suppressed-Cold
TCGA-DA-A1I8-06,SKCM,-0.487,-0.295,Cold-Desert
TCGA-DA-A1IA-06,SKCM,-0.494,-0.625,Cold-Desert
TCGA-DA-A1IB-06,SKCM,1.424,1.288,Hot-Suppressed
TCGA-DA-A1IC-06,SKCM,-0.426,-0.46,Cold-Desert
TCGA-DA-A3F2-06,SKCM,1.937,1.535,Hot-Suppressed
TCGA-DA-A3F3-06,SKCM,-0.509,-0.506,Cold-Desert
TCGA-DA-A3F5-06,SKCM,-0.461,0.031,Suppressed-Cold
TCGA-DA-A3F8-06,SKCM,0.875,1.694,Hot-Suppressed
TCGA-DA-A95V-06,SKCM,0.529,0.33,Hot-Suppressed
TCGA-DA-A95W-06,SKCM,-0.119,-0.052,Cold-Desert
TCGA-DA-A95X-06,SKCM,-0.03,-0.003,Cold-Desert
TCGA-DA-A95Y-06,SKCM,-0.604,-0.606,Cold-Desert
TCGA-DA-A95Z-06,SKCM,-0.689,-0.68,Cold-Desert
TCGA-EB-A1NK-01,SKCM,-0.433,-0.654,Cold-Desert
TCGA-EB-A24C-01,SKCM,-0.944,-1.196,Cold-Desert
TCGA-EB-A24D-01,SKCM,-0.305,-0.536,Cold-Desert
TCGA-EB-A299-01,SKCM,-0.268,-0.021,Cold-Desert
TCGA-EB-A3HV-01,SKCM,0.028,-0.243,Hot-Active
TCGA-EB-A3XB-01,SKCM,-0.187,-0.1,Cold-Desert
TCGA-EB-A3XC-01,SKCM,-0.293,-0.473,Cold-Desert
TCGA-EB-A3XD-01,SKCM,0.479,0.084,Hot-Suppressed
TCGA-EB-A3XE-01,SKCM,-0.168,-0.224,Cold-Desert
TCGA-EB-A3XF-01,SKCM,-0.448,-0.332,Cold-Desert
TCGA-EB-A3Y6-01,SKCM,-0.679,-0.304,Cold-Desert
TCGA-EB-A3Y7-01,SKCM,-0.351,-0.681,Cold-Desert
TCGA-EB-A41A-01,SKCM,-0.626,-0.803,Cold-Desert
TCGA-EB-A41B-01,SKCM,-0.389,-0.605,Cold-Desert
TCGA-EB-A42Y-01,SKCM,-0.731,-0.318,Cold-Desert
TCGA-EB-A42Z-01,SKCM,-0.404,-0.494,Cold-Desert
TCGA-EB-A430-01,SKCM,-0.845,-0.287,Cold-Desert
TCGA-EB-A431-01,SKCM,-1.029,-0.781,Cold-Desert
TCGA-EB-A44N-01,SKCM,-0.124,-0.095,Cold-Desert
TCGA-EB-A44O-01,SKCM,-0.501,0.012,Suppressed-Cold
TCGA-EB-A44P-01,SKCM,-0.562,-0.077,Cold-Desert
TCGA-EB-A44Q-06,SKCM,0.889,0.755,Hot-Suppressed
TCGA-EB-A44R-06,SKCM,0.081,0.151,Hot-Suppressed
TCGA-EB-A4IQ-01,SKCM,-1.2,-0.818,Cold-Desert
TCGA-EB-A4IS-01,SKCM,0.634,0.728,Hot-Suppressed
TCGA-EB-A4OY-01,SKCM,0.211,-0.71,Hot-Active
TCGA-EB-A4OZ-01,SKCM,0.358,0.769,Hot-Suppressed
TCGA-EB-A4P0-01,SKCM,-0.675,-0.404,Cold-Desert
TCGA-EB-A4XL-01,SKCM,-0.24,-0.099,Cold-Desert
TCGA-EB-A551-01,SKCM,0.418,1.175,Hot-Suppressed
TCGA-EB-A553-01,SKCM,-0.013,-0.398,Cold-Desert
TCGA-EB-A57M-01,SKCM,-0.008,-0.384,Cold-Desert
TCGA-EB-A5FP-01,SKCM,-1.603,-0.973,Cold-Desert
TCGA-EB-A5KH-06,SKCM,-0.514,-1.205,Cold-Desert
TCGA-EB-A5SE-01,SKCM,-0.791,-0.786,Cold-Desert
TCGA-EB-A5SF-01,SKCM,-0.788,-1.209,Cold-Desert
TCGA-EB-A5SG-06,SKCM,1.16,1.582,Hot-Suppressed
TCGA-EB-A5SH-06,SKCM,0.177,-0.774,Hot-Active
TCGA-EB-A5UL-06,SKCM,0.213,0.472,Hot-Suppressed
TCGA-EB-A5UM-01,SKCM,0.378,0.42,Hot-Suppressed
TCGA-EB-A5UN-06,SKCM,-0.717,-0.564,Cold-Desert
TCGA-EB-A5VU-01,SKCM,-0.126,-1.02,Cold-Desert
TCGA-EB-A5VV-06,SKCM,1.204,1.077,Hot-Suppressed
TCGA-EB-A6L9-06,SKCM,0.931,0.64,Hot-Suppressed
TCGA-EB-A6QY-01,SKCM,-0.682,-0.631,Cold-Desert
TCGA-EB-A6QZ-01,SKCM,-0.844,-1.175,Cold-Desert
TCGA-EB-A6R0-01,SKCM,0.041,0.59,Hot-Suppressed
TCGA-EE-A17X-06,SKCM,-0.284,-0.197,Cold-Desert
TCGA-EE-A17Y-06,SKCM,-1.016,-0.273,Cold-Desert
TCGA-EE-A17Z-06,SKCM,0.024,-1.728,Hot-Active
TCGA-EE-A180-06,SKCM,-0.618,-0.402,Cold-Desert
TCGA-EE-A181-06,SKCM,0.694,0.635,Hot-Suppressed
TCGA-EE-A182-06,SKCM,0.304,0.21,Hot-Suppressed
TCGA-EE-A183-06,SKCM,0.968,0.23,Hot-Suppressed
TCGA-EE-A184-06,SKCM,-0.121,0.169,Suppressed-Cold
TCGA-EE-A185-06,SKCM,-1.525,-1.733,Cold-Desert
TCGA-EE-A20B-06,SKCM,0.369,0.425,Hot-Suppressed
TCGA-EE-A20C-06,SKCM,-1.029,-1.335,Cold-Desert
TCGA-EE-A20F-06,SKCM,0.184,0.357,Hot-Suppressed
TCGA-EE-A20H-06,SKCM,-0.893,-0.52,Cold-Desert
TCGA-EE-A20I-06,SKCM,-0.44,-0.022,Cold-Desert
TCGA-EE-A29A-06,SKCM,-1.474,-0.756,Cold-Desert
TCGA-EE-A29B-06,SKCM,-0.405,-0.209,Cold-Desert
TCGA-EE-A29C-06,SKCM,-0.029,-0.283,Cold-Desert
TCGA-EE-A29D-06,SKCM,-0.463,-0.911,Cold-Desert
TCGA-EE-A29E-06,SKCM,-0.677,-1.441,Cold-Desert
TCGA-EE-A29G-06,SKCM,0.113,-0.206,Hot-Active
TCGA-EE-A29H-06,SKCM,-0.065,0.063,Suppressed-Cold
TCGA-EE-A29L-06,SKCM,-1.037,-1.799,Cold-Desert
TCGA-EE-A29M-06,SKCM,0.152,0.383,Hot-Suppressed
TCGA-EE-A29N-06,SKCM,0.681,0.593,Hot-Suppressed
TCGA-EE-A29P-06,SKCM,0.54,1.054,Hot-Suppressed
TCGA-EE-A29Q-06,SKCM,-0.579,-0.912,Cold-Desert
TCGA-EE-A29R-06,SKCM,-0.65,-0.637,Cold-Desert
TCGA-EE-A29S-06,SKCM,-0.112,0.136,Suppressed-Cold
TCGA-EE-A29T-06,SKCM,0.754,0.686,Hot-Suppressed
TCGA-EE-A29V-06,SKCM,-1.038,-1.266,Cold-Desert
TCGA-EE-A29W-06,SKCM,-0.714,-0.837,Cold-Desert
TCGA-EE-A29X-06,SKCM,0.354,0.583,Hot-Suppressed
TCGA-EE-A2A0-06,SKCM,0.507,0.349,Hot-Suppressed
TCGA-EE-A2A1-06,SKCM,0.819,0.753,Hot-Suppressed
TCGA-EE-A2A2-06,SKCM,0.181,-0.095,Hot-Active
TCGA-EE-A2A5-06,SKCM,-0.428,-0.909,Cold-Desert
TCGA-EE-A2A6-06,SKCM,0.636,0.76,Hot-Suppressed
TCGA-EE-A2GB-06,SKCM,-0.618,-0.679,Cold-Desert
TCGA-EE-A2GC-06,SKCM,0.469,1.012,Hot-Suppressed
TCGA-EE-A2GD-06,SKCM,0.048,-0.05,Hot-Active
TCGA-EE-A2GE-06,SKCM,0.738,1.12,Hot-Suppressed
TCGA-EE-A2GH-06,SKCM,0.928,1.02,Hot-Suppressed
TCGA-EE-A2GI-06,SKCM,0.473,0.597,Hot-Suppressed
TCGA-EE-A2GJ-06,SKCM,0.444,0.481,Hot-Suppressed
TCGA-EE-A2GK-06,SKCM,1.282,0.981,Hot-Suppressed
TCGA-EE-A2GL-06,SKCM,0.817,0.336,Hot-Suppressed
TCGA-EE-A2GM-06,SKCM,0.01,-0.414,Hot-Active
TCGA-EE-A2GN-06,SKCM,-0.119,-0.782,Cold-Desert
TCGA-EE-A2GO-06,SKCM,-0.594,0.211,Suppressed-Cold
TCGA-EE-A2GP-06,SKCM,0.138,0.004,Hot-Suppressed
TCGA-EE-A2GR-06,SKCM,-1.655,-1.983,Cold-Desert
TCGA-EE-A2GS-06,SKCM,-0.176,-0.263,Cold-Desert
TCGA-EE-A2GT-06,SKCM,0.787,0.326,Hot-Suppressed
TCGA-EE-A2GU-06,SKCM,0.547,0.758,Hot-Suppressed
TCGA-EE-A2M5-06,SKCM,0.07,0.713,Hot-Suppressed
TCGA-EE-A2M6-06,SKCM,0.165,-0.036,Hot-Active
TCGA-EE-A2M7-06,SKCM,0.289,-0.139,Hot-Active
TCGA-EE-A2M8-06,SKCM,1.432,1.536,Hot-Suppressed
TCGA-EE-A2MC-06,SKCM,0.729,1.221,Hot-Suppressed
TCGA-EE-A2MD-06,SKCM,0.155,-0.136,Hot-Active
TCGA-EE-A2ME-06,SKCM,1.376,1.348,Hot-Suppressed
TCGA-EE-A2MF-06,SKCM,0.317,-0.028,Hot-Active
TCGA-EE-A2MG-06,SKCM,0.788,0.596,Hot-Suppressed
TCGA-EE-A2MH-06,SKCM,0.858,0.269,Hot-Suppressed
TCGA-EE-A2MI-06,SKCM,0.476,0.392,Hot-Suppressed
TCGA-EE-A2MJ-06,SKCM,0.752,1.05,Hot-Suppressed
TCGA-EE-A2MK-06,SKCM,0.708,0.462,Hot-Suppressed
TCGA-EE-A2ML-06,SKCM,0.682,0.53,Hot-Suppressed
TCGA-EE-A2MM-06,SKCM,-0.261,-0.366,Cold-Desert
TCGA-EE-A2MN-06,SKCM,0.648,0.519,Hot-Suppressed
TCGA-EE-A2MP-06,SKCM,-0.005,0.399,Suppressed-Cold
TCGA-EE-A2MQ-06,SKCM,-0.167,0.033,Suppressed-Cold
TCGA-EE-A2MR-06,SKCM,1.261,1.18,Hot-Suppressed
TCGA-EE-A2MS-06,SKCM,0.124,-0.077,Hot-Active
TCGA-EE-A2MT-06,SKCM,-0.21,-0.272,Cold-Desert
TCGA-EE-A2MU-06,SKCM,0.664,1.101,Hot-Suppressed
TCGA-EE-A3AA-06,SKCM,0.523,0.248,Hot-Suppressed
TCGA-EE-A3AB-06,SKCM,0.12,0.535,Hot-Suppressed
TCGA-EE-A3AC-06,SKCM,0.181,0.335,Hot-Suppressed
TCGA-EE-A3AD-06,SKCM,-1.148,-1.592,Cold-Desert
TCGA-EE-A3AE-06,SKCM,0.004,0.474,Hot-Suppressed
TCGA-EE-A3AF-06,SKCM,0.135,0.035,Hot-Suppressed
TCGA-EE-A3AG-06,SKCM,-0.676,-0.56,Cold-Desert
TCGA-EE-A3AH-06,SKCM,-0.665,-1.195,Cold-Desert
TCGA-EE-A3J3-06,SKCM,0.054,-0.011,Hot-Active
TCGA-EE-A3J4-06,SKCM,-0.783,-0.426,Cold-Desert
TCGA-EE-A3J5-06,SKCM,0.529,0.486,Hot-Suppressed
TCGA-EE-A3J7-06,SKCM,-0.561,-0.109,Cold-Desert
TCGA-EE-A3J8-06,SKCM,-1.226,-1.429,Cold-Desert
TCGA-EE-A3JA-06,SKCM,0.077,-0.183,Hot-Active
TCGA-EE-A3JB-06,SKCM,0.069,0.256,Hot-Suppressed
TCGA-EE-A3JD-06,SKCM,1.097,1.065,Hot-Suppressed
TCGA-EE-A3JE-06,SKCM,1.176,1.346,Hot-Suppressed
TCGA-EE-A3JH-06,SKCM,1.393,1.414,Hot-Suppressed
TCGA-EE-A3JI-06,SKCM,-0.516,-0.181,Cold-Desert
TCGA-ER-A193-06,SKCM,0.248,0.812,Hot-Suppressed
TCGA-ER-A194-01,SKCM,-0.058,0.093,Suppressed-Cold
TCGA-ER-A195-06,SKCM,0.57,1.102,Hot-Suppressed
TCGA-ER-A196-01,SKCM,-1.013,-0.667,Cold-Desert
TCGA-ER-A197-06,SKCM,0.488,0.983,Hot-Suppressed
TCGA-ER-A198-06,SKCM,-0.393,0.422,Suppressed-Cold
TCGA-ER-A199-06,SKCM,0.916,0.819,Hot-Suppressed
TCGA-ER-A19A-06,SKCM,1.235,1.526,Hot-Suppressed
TCGA-ER-A19B-06,SKCM,-0.674,-0.275,Cold-Desert
TCGA-ER-A19C-06,SKCM,-0.673,-0.544,Cold-Desert
TCGA-ER-A19D-06,SKCM,0.639,0.268,Hot-Suppressed
TCGA-ER-A19E-06,SKCM,-0.08,-0.494,Cold-Desert
TCGA-ER-A19F-06,SKCM,-0.722,-0.544,Cold-Desert
TCGA-ER-A19G-06,SKCM,0.629,0.677,Hot-Suppressed
TCGA-ER-A19H-06,SKCM,0.369,0.33,Hot-Suppressed
TCGA-ER-A19J-06,SKCM,-0.312,-0.29,Cold-Desert
TCGA-ER-A19K-01,SKCM,-0.557,-0.066,Cold-Desert
TCGA-ER-A19L-06,SKCM,-0.529,-0.797,Cold-Desert
TCGA-ER-A19M-06,SKCM,0.024,0.998,Hot-Suppressed
TCGA-ER-A19N-06,SKCM,0.888,0.913,Hot-Suppressed
TCGA-ER-A19O-06,SKCM,1.131,1.235,Hot-Suppressed
TCGA-ER-A19P-06,SKCM,1.367,1.432,Hot-Suppressed
TCGA-ER-A19Q-06,SKCM,0.276,0.686,Hot-Suppressed
TCGA-ER-A19S-06,SKCM,1.042,1.472,Hot-Suppressed
TCGA-ER-A19T-01,SKCM,-0.906,-1.341,Cold-Desert
TCGA-ER-A19T-06,SKCM,-0.051,-0.148,Cold-Desert
TCGA-ER-A19W-06,SKCM,1.146,1.396,Hot-Suppressed
TCGA-ER-A1A1-06,SKCM,1.242,1.212,Hot-Suppressed
TCGA-ER-A2NB-01,SKCM,0.218,0.568,Hot-Suppressed
TCGA-ER-A2NC-06,SKCM,0.312,0.308,Hot-Suppressed
TCGA-ER-A2ND-06,SKCM,-0.222,-0.375,Cold-Desert
TCGA-ER-A2NE-06,SKCM,-1.737,-1.492,Cold-Desert
TCGA-ER-A2NF-01,SKCM,0.397,0.291,Hot-Suppressed
TCGA-ER-A2NF-06,SKCM,-0.21,-0.086,Cold-Desert
TCGA-ER-A2NG-06,SKCM,0.369,1.114,Hot-Suppressed
TCGA-ER-A2NH-06,SKCM,0.998,1.454,Hot-Suppressed
TCGA-ER-A3ES-06,SKCM,-1.595,-2.34,Cold-Desert
TCGA-ER-A3ET-06,SKCM,0.295,0.25,Hot-Suppressed
TCGA-ER-A3EV-06,SKCM,0.483,-0.095,Hot-Active
TCGA-ER-A3PL-06,SKCM,-0.594,-0.502,Cold-Desert
TCGA-ER-A42H-01,SKCM,-0.675,-1.07,Cold-Desert
TCGA-ER-A42K-06,SKCM,-0.444,-1.097,Cold-Desert
TCGA-ER-A42L-06,SKCM,0.763,1.079,Hot-Suppressed
TCGA-FR-A2OS-01,SKCM,-1.039,-1.163,Cold-Desert
TCGA-FR-A3R1-01,SKCM,-0.572,0.353,Suppressed-Cold
TCGA-FR-A3YN-06,SKCM,0.136,0.113,Hot-Suppressed
TCGA-FR-A3YO-06,SKCM,-0.316,-0.342,Cold-Desert
TCGA-FR-A44A-06,SKCM,0.516,1.306,Hot-Suppressed
TCGA-FR-A69P-06,SKCM,-0.679,-0.598,Cold-Desert
TCGA-FR-A726-01,SKCM,-0.889,-0.917,Cold-Desert
TCGA-FR-A728-01,SKCM,0.093,1.021,Hot-Suppressed
TCGA-FR-A729-06,SKCM,0.942,0.976,Hot-Suppressed
TCGA-FR-A7U8-06,SKCM,-0.813,-0.815,Cold-Desert
TCGA-FR-A7U9-06,SKCM,0.732,0.871,Hot-Suppressed
TCGA-FR-A7UA-06,SKCM,1.255,1.902,Hot-Suppressed
TCGA-FR-A8YC-06,SKCM,-0.181,-0.159,Cold-Desert
TCGA-FR-A8YD-06,SKCM,-0.037,-0.647,Cold-Desert
TCGA-FR-A8YE-06,SKCM,0.974,0.69,Hot-Suppressed
TCGA-FS-A1YW-06,SKCM,-0.219,-0.697,Cold-Desert
TCGA-FS-A1YX-06,SKCM,-0.388,-0.617,Cold-Desert
TCGA-FS-A1YY-06,SKCM,-1.368,-1.038,Cold-Desert
TCGA-FS-A1Z0-06,SKCM,0.25,0.578,Hot-Suppressed
TCGA-FS-A1Z3-06,SKCM,-0.797,-0.994,Cold-Desert
TCGA-FS-A1Z4-06,SKCM,1.008,0.813,Hot-Suppressed
TCGA-FS-A1Z7-06,SKCM,-0.06,-0.332,Cold-Desert
TCGA-FS-A1ZA-06,SKCM,-0.062,-0.1,Cold-Desert
TCGA-FS-A1ZB-06,SKCM,0.031,0.071,Hot-Suppressed
TCGA-FS-A1ZC-06,SKCM,-0.822,-0.8,Cold-Desert
TCGA-FS-A1ZD-06,SKCM,-0.349,-1.042,Cold-Desert
TCGA-FS-A1ZE-06,SKCM,-1.004,-1.267,Cold-Desert
TCGA-FS-A1ZF-06,SKCM,-0.592,-0.724,Cold-Desert
TCGA-FS-A1ZG-06,SKCM,-0.739,-1.07,Cold-Desert
TCGA-FS-A1ZH-06,SKCM,0.722,0.975,Hot-Suppressed
TCGA-FS-A1ZJ-06,SKCM,-0.25,-0.41,Cold-Desert
TCGA-FS-A1ZK-06,SKCM,-0.761,-1.529,Cold-Desert
TCGA-FS-A1ZM-06,SKCM,0.439,0.913,Hot-Suppressed
TCGA-FS-A1ZN-01,SKCM,-1.38,-0.832,Cold-Desert
TCGA-FS-A1ZP-06,SKCM,0.612,-0.16,Hot-Active
TCGA-FS-A1ZQ-06,SKCM,0.123,-0.254,Hot-Active
TCGA-FS-A1ZR-06,SKCM,-0.115,-0.407,Cold-Desert
TCGA-FS-A1ZS-06,SKCM,-0.49,-0.089,Cold-Desert
TCGA-FS-A1ZT-06,SKCM,0.342,0.568,Hot-Suppressed
TCGA-FS-A1ZU-06,SKCM,-1.11,-1.361,Cold-Desert
TCGA-FS-A1ZW-06,SKCM,0.243,0.509,Hot-Suppressed
TCGA-FS-A1ZY-06,SKCM,-1.252,-1.551,Cold-Desert
TCGA-FS-A1ZZ-06,SKCM,-1.025,-1.481,Cold-Desert
TCGA-FS-A4F0-06,SKCM,-1.405,-1.214,Cold-Desert
TCGA-FS-A4F2-06,SKCM,-0.638,-0.992,Cold-Desert
TCGA-FS-A4F4-06,SKCM,-0.142,0.046,Suppressed-Cold
TCGA-FS-A4F5-06,SKCM,-0.691,-0.868,Cold-Desert
TCGA-FS-A4F8-06,SKCM,0.705,0.724,Hot-Suppressed
TCGA-FS-A4F9-06,SKCM,-0.897,-0.49,Cold-Desert
TCGA-FS-A4FB-06,SKCM,-1.056,-1.378,Cold-Desert
TCGA-FS-A4FC-06,SKCM,0.239,-0.019,Hot-Active
TCGA-FS-A4FD-06,SKCM,-0.097,-0.25,Cold-Desert
TCGA-FW-A3I3-06,SKCM,-0.555,-0.7,Cold-Desert
TCGA-FW-A3R5-06,SKCM,-0.205,-0.246,Cold-Desert
TCGA-FW-A3TU-06,SKCM,0.331,-0.028,Hot-Active
TCGA-FW-A3TV-06,SKCM,-0.126,-0.067,Cold-Desert
TCGA-FW-A5DX-01,SKCM,-0.676,-1.235,Cold-Desert
TCGA-FW-A5DY-06,SKCM,0.607,0.551,Hot-Suppressed
TCGA-GF-A2C7-01,SKCM,-1.447,-1.195,Cold-Desert
TCGA-GF-A3OT-06,SKCM,-0.417,0.738,Suppressed-Cold
TCGA-GF-A4EO-06,SKCM,1.283,1.264,Hot-Suppressed
TCGA-GF-A6C8-06,SKCM,-0.103,0.361,Suppressed-Cold
TCGA-GF-A6C9-06,SKCM,1.068,0.798,Hot-Suppressed
TCGA-GF-A769-01,SKCM,-0.548,-0.556,Cold-Desert
TCGA-GN-A262-06,SKCM,-0.619,-1.872,Cold-Desert
TCGA-GN-A263-01,SKCM,-0.258,-0.768,Cold-Desert
TCGA-GN-A264-06,SKCM,-0.826,-0.923,Cold-Desert
TCGA-GN-A265-06,SKCM,1.321,1.068,Hot-Suppressed
TCGA-GN-A266-06,SKCM,0.532,0.972,Hot-Suppressed
TCGA-GN-A267-06,SKCM,0.097,0.026,Hot-Suppressed
TCGA-GN-A268-06,SKCM,-1.046,-0.635,Cold-Desert
TCGA-GN-A26A-06,SKCM,0.314,0.869,Hot-Suppressed
TCGA-GN-A26C-01,SKCM,0.744,1.173,Hot-Suppressed
TCGA-GN-A26D-06,SKCM,-0.13,-0.818,Cold-Desert
TCGA-GN-A4U3-06,SKCM,-1.09,-0.86,Cold-Desert
TCGA-GN-A4U4-06,SKCM,-0.899,-0.816,Cold-Desert
TCGA-GN-A4U5-01,SKCM,0.204,0.908,Hot-Suppressed
TCGA-GN-A4U7-06,SKCM,-1.185,-0.972,Cold-Desert
TCGA-GN-A4U8-06,SKCM,0.516,0.722,Hot-Suppressed
TCGA-GN-A4U9-06,SKCM,-0.3,-0.322,Cold-Desert
TCGA-GN-A8LK-06,SKCM,-1.041,-1.135,Cold-Desert
TCGA-GN-A8LL-06,SKCM,-0.277,-1.103,Cold-Desert
TCGA-GN-A9SD-06,SKCM,0.802,0.583,Hot-Suppressed
TCGA-HR-A2OG-06,SKCM,0.704,0.508,Hot-Suppressed
TCGA-HR-A2OH-06,SKCM,1.162,1.631,Hot-Suppressed
TCGA-IH-A3EA-01,SKCM,-0.645,-0.39,Cold-Desert
TCGA-LH-A9QB-06,SKCM,-1.434,-0.607,Cold-Desert
TCGA-OD-A75X-06,SKCM,-0.492,-0.431,Cold-Desert
TCGA-QB-A6FS-06,SKCM,0.967,0.536,Hot-Suppressed
TCGA-QB-AA9O-06,SKCM,0.029,0.8,Hot-Suppressed
TCGA-RP-A690-06,SKCM,-1.198,-0.702,Cold-Desert
TCGA-RP-A693-06,SKCM,0.314,0.507,Hot-Suppressed
TCGA-RP-A694-06,SKCM,0.051,0.03,Hot-Suppressed
TCGA-RP-A695-06,SKCM,-0.165,-0.058,Cold-Desert
TCGA-RP-A6K9-06,SKCM,-0.056,0.391,Suppressed-Cold
TCGA-W3-A824-06,SKCM,0.142,0.733,Hot-Suppressed
TCGA-W3-A825-06,SKCM,0.503,0.661,Hot-Suppressed
TCGA-W3-A828-06,SKCM,-0.106,0.038,Suppressed-Cold
TCGA-W3-AA1O-06,SKCM,-0.652,-0.824,Cold-Desert
TCGA-W3-AA1Q-06,SKCM,-0.279,0.188,Suppressed-Cold
TCGA-W3-AA1R-06,SKCM,-0.37,0.439,Suppressed-Cold
TCGA-W3-AA1V-06,SKCM,0.009,0.562,Hot-Suppressed
TCGA-W3-AA1W-06,SKCM,0.913,1.547,Hot-Suppressed
TCGA-W3-AA21-06,SKCM,-0.569,-0.974,Cold-Desert
TCGA-WE-A8JZ-06,SKCM,-0.785,-0.596,Cold-Desert
TCGA-WE-A8K1-06,SKCM,0.266,0.639,Hot-Suppressed
TCGA-WE-A8K5-06,SKCM,0.02,0.022,Hot-Suppressed
TCGA-WE-A8K6-06,SKCM,-0.693,-0.668,Cold-Desert
TCGA-WE-A8ZM-06,SKCM,-0.751,-1.211,Cold-Desert
TCGA-WE-A8ZN-06,SKCM,0.29,0.8,Hot-Suppressed
TCGA-WE-A8ZO-06,SKCM,0.243,0.433,Hot-Suppressed
TCGA-WE-A8ZQ-06,SKCM,-1.064,-1.715,Cold-Desert
TCGA-WE-A8ZT-06,SKCM,-1.025,-0.735,Cold-Desert
TCGA-WE-A8ZX-06,SKCM,0.45,0.623,Hot-Suppressed
TCGA-WE-A8ZY-06,SKCM,-0.604,-0.225,Cold-Desert
TCGA-WE-AA9Y-06,SKCM,0.15,-0.19,Hot-Active
TCGA-WE-AAA0-06,SKCM,-0.271,0.062,Suppressed-Cold
TCGA-WE-AAA3-06,SKCM,0.383,0.493,Hot-Suppressed
TCGA-WE-AAA4-06,SKCM,1.325,1.543,Hot-Suppressed
TCGA-XV-AB01-06,SKCM,0.313,-0.332,Hot-Active
TCGA-YD-A89C-06,SKCM,-0.902,-1.236,Cold-Desert
TCGA-YD-A9TA-06,SKCM,0.436,0.327,Hot-Suppressed
TCGA-YD-A9TB-06,SKCM,-0.128,-0.242,Cold-Desert
TCGA-YG-AA3O-06,SKCM,-0.476,0.072,Suppressed-Cold
TCGA-YG-AA3P-06,SKCM,-0.729,-1.254,Cold-Desert
TCGA-Z2-A8RT-06,SKCM,0.631,0.247,Hot-Suppressed
TCGA-Z2-AA3S-06,SKCM,0.16,-0.556,Hot-Active
TCGA-Z2-AA3V-06,SKCM,1.304,1.192,Hot-Suppressed
TCGA-2J-AAB1-01,PAAD,0.016,0.375,Hot-Suppressed
TCGA-2J-AAB4-01,PAAD,0.112,0.081,Hot-Suppressed
TCGA-2J-AAB6-01,PAAD,-0.507,0.161,Suppressed-Cold
TCGA-2J-AAB8-01,PAAD,-0.247,0.059,Suppressed-Cold
TCGA-2J-AAB9-01,PAAD,0.191,0.185,Hot-Suppressed
TCGA-2J-AABA-01,PAAD,-0.318,-0.091,Cold-Desert
TCGA-2J-AABE-01,PAAD,0.037,0.023,Hot-Suppressed
TCGA-2J-AABF-01,PAAD,0.653,0.533,Hot-Suppressed
TCGA-2J-AABH-01,PAAD,-0.308,-0.688,Cold-Desert
TCGA-2J-AABI-01,PAAD,-0.278,0.259,Suppressed-Cold
TCGA-2J-AABK-01,PAAD,-0.291,-0.451,Cold-Desert
TCGA-2J-AABO-01,PAAD,-0.272,-0.339,Cold-Desert
TCGA-2J-AABP-01,PAAD,0.823,1.78,Hot-Suppressed
TCGA-2J-AABR-01,PAAD,0.871,0.897,Hot-Suppressed
TCGA-2J-AABT-01,PAAD,0.352,0.558,Hot-Suppressed
TCGA-2J-AABU-01,PAAD,-0.292,0.21,Suppressed-Cold
TCGA-2J-AABV-01,PAAD,-0.72,-0.586,Cold-Desert
TCGA-2L-AAQA-01,PAAD,-0.824,-0.665,Cold-Desert
TCGA-2L-AAQE-01,PAAD,-0.243,-0.361,Cold-Desert
TCGA-2L-AAQI-01,PAAD,-0.517,-0.6,Cold-Desert
TCGA-2L-AAQJ-01,PAAD,-0.056,-0.208,Cold-Desert
TCGA-2L-AAQL-01,PAAD,0.027,-0.38,Hot-Active
TCGA-2L-AAQM-01,PAAD,-0.941,-1.366,Cold-Desert
TCGA-3A-A9I5-01,PAAD,-0.418,-0.237,Cold-Desert
TCGA-3A-A9I7-01,PAAD,0.511,0.492,Hot-Suppressed
TCGA-3A-A9I9-01,PAAD,-0.008,-0.337,Cold-Desert
TCGA-3A-A9IB-01,PAAD,-0.312,0.468,Suppressed-Cold
TCGA-3A-A9IC-01,PAAD,-0.33,0.225,Suppressed-Cold
TCGA-3A-A9IH-01,PAAD,-0.488,-0.512,Cold-Desert
TCGA-3A-A9IJ-01,PAAD,-0.884,-1.736,Cold-Desert
TCGA-3A-A9IL-01,PAAD,-0.568,-1.015,Cold-Desert
TCGA-3A-A9IN-01,PAAD,-0.285,-0.265,Cold-Desert
TCGA-3A-A9IO-01,PAAD,-0.94,-1.633,Cold-Desert
TCGA-3A-A9IR-01,PAAD,-0.954,-1.69,Cold-Desert
TCGA-3A-A9IS-01,PAAD,-1.735,-2.426,Cold-Desert
TCGA-3A-A9IU-01,PAAD,-0.547,-0.549,Cold-Desert
TCGA-3A-A9IV-01,PAAD,-1.244,-1.428,Cold-Desert
TCGA-3A-A9IX-01,PAAD,0.926,0.737,Hot-Suppressed
TCGA-3A-A9IZ-01,PAAD,-1.02,-0.531,Cold-Desert
TCGA-3A-A9J0-01,PAAD,-0.4,-0.436,Cold-Desert
TCGA-3E-AAAY-01,PAAD,0.449,0.477,Hot-Suppressed
TCGA-3E-AAAZ-01,PAAD,-0.404,-0.561,Cold-Desert
TCGA-F2-6879-01,PAAD,-0.765,-0.566,Cold-Desert
TCGA-F2-6880-01,PAAD,-1.207,-1.633,Cold-Desert
TCGA-F2-7273-01,PAAD,0.681,0.806,Hot-Suppressed
TCGA-F2-7276-01,PAAD,0.697,0.644,Hot-Suppressed
TCGA-F2-A44G-01,PAAD,-0.76,-0.525,Cold-Desert
TCGA-F2-A44H-01,PAAD,0.097,0.205,Hot-Suppressed
TCGA-F2-A7TX-01,PAAD,0.42,0.906,Hot-Suppressed
TCGA-F2-A8YN-01,PAAD,-0.753,-0.544,Cold-Desert
TCGA-FB-A4P5-01,PAAD,1.044,0.938,Hot-Suppressed
TCGA-FB-A4P6-01,PAAD,0.484,0.234,Hot-Suppressed
TCGA-FB-A545-01,PAAD,-1.059,-1.163,Cold-Desert
TCGA-FB-A5VM-01,PAAD,0.417,0.577,Hot-Suppressed
TCGA-FB-A78T-01,PAAD,0.007,-0.133,Hot-Active
TCGA-FB-A7DR-01,PAAD,-0.114,0.471,Suppressed-Cold
TCGA-FB-AAPP-01,PAAD,-2.304,-2.467,Cold-Desert
TCGA-FB-AAPQ-01,PAAD,-0.737,-1.085,Cold-Desert
TCGA-FB-AAPS-01,PAAD,0.829,0.774,Hot-Suppressed
TCGA-FB-AAPU-01,PAAD,-0.866,-1.262,Cold-Desert
TCGA-FB-AAPY-01,PAAD,0.74,0.679,Hot-Suppressed
TCGA-FB-AAPZ-01,PAAD,0.384,0.286,Hot-Suppressed
TCGA-FB-AAQ0-01,PAAD,-1.222,-1.344,Cold-Desert
TCGA-FB-AAQ1-01,PAAD,-0.345,-0.34,Cold-Desert
TCGA-FB-AAQ2-01,PAAD,-0.48,-0.556,Cold-Desert
TCGA-FB-AAQ3-01,PAAD,-0.525,-0.373,Cold-Desert
TCGA-FB-AAQ6-01,PAAD,-0.891,-0.716,Cold-Desert
TCGA-H6-8124-01,PAAD,-0.777,-0.557,Cold-Desert
TCGA-H6-A45N-01,PAAD,0.763,0.168,Hot-Suppressed
TCGA-H8-A6C1-01,PAAD,0.07,-0.328,Hot-Active
TCGA-HV-A5A3-01,PAAD,-0.828,-0.491,Cold-Desert
TCGA-HV-A5A4-01,PAAD,-0.171,-0.134,Cold-Desert
TCGA-HV-A5A5-01,PAAD,0.16,0.354,Hot-Suppressed
TCGA-HV-A5A6-01,PAAD,-1.272,-0.885,Cold-Desert
TCGA-HV-A7OL-01,PAAD,0.383,1.099,Hot-Suppressed
TCGA-HV-A7OP-01,PAAD,-1.341,-0.936,Cold-Desert
TCGA-HV-AA8V-01,PAAD,0.254,0.16,Hot-Suppressed
TCGA-HV-AA8X-01,PAAD,-1.085,-1.394,Cold-Desert
TCGA-HZ-7289-01,PAAD,-1.176,-1.68,Cold-Desert
TCGA-HZ-7918-01,PAAD,1.232,1.039,Hot-Suppressed
TCGA-HZ-7919-01,PAAD,0.157,0.218,Hot-Suppressed
TCGA-HZ-7920-01,PAAD,0.894,0.616,Hot-Suppressed
TCGA-HZ-7922-01,PAAD,0.144,-0.083,Hot-Active
TCGA-HZ-7923-01,PAAD,1.151,1.109,Hot-Suppressed
TCGA-HZ-7924-01,PAAD,0.29,-0.386,Hot-Active
TCGA-HZ-7925-01,PAAD,-0.066,0.115,Suppressed-Cold
TCGA-HZ-7926-01,PAAD,0.173,0.082,Hot-Suppressed
TCGA-HZ-8001-01,PAAD,0.985,0.529,Hot-Suppressed
TCGA-HZ-8002-01,PAAD,0.592,0.499,Hot-Suppressed
TCGA-HZ-8003-01,PAAD,0.809,0.816,Hot-Suppressed
TCGA-HZ-8005-01,PAAD,-0.253,0.598,Suppressed-Cold
TCGA-HZ-8315-01,PAAD,0.321,0.527,Hot-Suppressed
TCGA-HZ-8317-01,PAAD,-0.597,-0.469,Cold-Desert
TCGA-HZ-8519-01,PAAD,0.379,0.231,Hot-Suppressed
TCGA-HZ-8636-01,PAAD,0.228,0.42,Hot-Suppressed
TCGA-HZ-8637-01,PAAD,1.487,1.81,Hot-Suppressed
TCGA-HZ-8638-01,PAAD,-0.349,-0.194,Cold-Desert
TCGA-HZ-A49G-01,PAAD,0.553,0.393,Hot-Suppressed
TCGA-HZ-A49H-01,PAAD,0.451,0.616,Hot-Suppressed
TCGA-HZ-A49I-01,PAAD,0.394,0.329,Hot-Suppressed
TCGA-HZ-A4BH-01,PAAD,0.509,0.761,Hot-Suppressed
TCGA-HZ-A4BK-01,PAAD,0.437,0.552,Hot-Suppressed
TCGA-HZ-A77O-01,PAAD,-0.374,0.025,Suppressed-Cold
TCGA-HZ-A77P-01,PAAD,0.02,-0.139,Hot-Active
TCGA-HZ-A77Q-01,PAAD,0.723,0.83,Hot-Suppressed
TCGA-HZ-A8P0-01,PAAD,-0.362,-0.555,Cold-Desert
TCGA-HZ-A8P1-01,PAAD,-1.011,-1.258,Cold-Desert
TCGA-HZ-A9TJ-01,PAAD,-0.48,-0.446,Cold-Desert
TCGA-IB-7644-01,PAAD,-0.292,-0.666,Cold-Desert
TCGA-IB-7645-01,PAAD,1.124,0.81,Hot-Suppressed
TCGA-IB-7646-01,PAAD,0.196,0.639,Hot-Suppressed
TCGA-IB-7647-01,PAAD,0.755,0.434,Hot-Suppressed
TCGA-IB-7649-01,PAAD,0.658,0.12,Hot-Suppressed
TCGA-IB-7651-01,PAAD,0.742,0.925,Hot-Suppressed
TCGA-IB-7652-01,PAAD,0.398,0.008,Hot-Suppressed
TCGA-IB-7885-01,PAAD,0.567,0.525,Hot-Suppressed
TCGA-IB-7886-01,PAAD,0.122,0.261,Hot-Suppressed
TCGA-IB-7887-01,PAAD,-0.412,-0.452,Cold-Desert
TCGA-IB-7888-01,PAAD,0.721,0.522,Hot-Suppressed
TCGA-IB-7889-01,PAAD,0.568,0.003,Hot-Suppressed
TCGA-IB-7890-01,PAAD,-0.111,-0.262,Cold-Desert
TCGA-IB-7891-01,PAAD,0.92,0.603,Hot-Suppressed
TCGA-IB-7893-01,PAAD,-0.084,-0.093,Cold-Desert
TCGA-IB-7897-01,PAAD,0.936,0.75,Hot-Suppressed
TCGA-IB-8126-01,PAAD,0.702,0.645,Hot-Suppressed
TCGA-IB-8127-01,PAAD,0.38,0.494,Hot-Suppressed
TCGA-IB-A5SO-01,PAAD,0.767,0.582,Hot-Suppressed
TCGA-IB-A5SP-01,PAAD,-0.56,-0.855,Cold-Desert
TCGA-IB-A5SQ-01,PAAD,0.506,0.43,Hot-Suppressed
TCGA-IB-A5SS-01,PAAD,-0.128,0.198,Suppressed-Cold
TCGA-IB-A5ST-01,PAAD,0.899,0.678,Hot-Suppressed
TCGA-IB-A6UF-01,PAAD,-1.011,-0.608,Cold-Desert
TCGA-IB-A6UG-01,PAAD,-0.068,0.034,Suppressed-Cold
TCGA-IB-A7LX-01,PAAD,-0.631,-0.342,Cold-Desert
TCGA-IB-A7M4-01,PAAD,0.087,0.319,Hot-Suppressed
TCGA-IB-AAUM-01,PAAD,0.165,0.184,Hot-Suppressed
TCGA-IB-AAUN-01,PAAD,-0.224,0.095,Suppressed-Cold
TCGA-IB-AAUO-01,PAAD,-0.415,0.477,Suppressed-Cold
TCGA-IB-AAUP-01,PAAD,1.081,0.92,Hot-Suppressed
TCGA-IB-AAUQ-01,PAAD,-0.083,-0.074,Cold-Desert
TCGA-IB-AAUR-01,PAAD,1.3,1.461,Hot-Suppressed
TCGA-IB-AAUS-01,PAAD,1.24,1.414,Hot-Suppressed
TCGA-IB-AAUT-01,PAAD,0.934,0.797,Hot-Suppressed
TCGA-IB-AAUU-01,PAAD,-0.136,-0.123,Cold-Desert
TCGA-IB-AAUV-01,PAAD,0.914,0.705,Hot-Suppressed
TCGA-IB-AAUW-01,PAAD,0.404,0.379,Hot-Suppressed
TCGA-L1-A7W4-01,PAAD,-1.35,-0.665,Cold-Desert
TCGA-LB-A7SX-01,PAAD,-0.61,-0.846,Cold-Desert
TCGA-LB-A8F3-01,PAAD,-0.957,-0.493,Cold-Desert
TCGA-LB-A9Q5-01,PAAD,0.178,0.049,Hot-Suppressed
TCGA-M8-A5N4-01,PAAD,-0.34,0.107,Suppressed-Cold
TCGA-OE-A75W-01,PAAD,-0.179,0.164,Suppressed-Cold
TCGA-PZ-A5RE-01,PAAD,0.011,0.209,Hot-Suppressed
TCGA-Q3-A5QY-01,PAAD,1.339,1.543,Hot-Suppressed
TCGA-Q3-AA2A-01,PAAD,-0.709,-0.369,Cold-Desert
TCGA-RB-A7B8-01,PAAD,0.52,0.244,Hot-Suppressed
TCGA-RB-AA9M-01,PAAD,-0.142,-0.376,Cold-Desert
TCGA-RL-AAAS-01,PAAD,1.095,0.403,Hot-Suppressed
TCGA-S4-A8RM-01,PAAD,-0.312,-0.549,Cold-Desert
TCGA-S4-A8RO-01,PAAD,-0.372,0.019,Suppressed-Cold
TCGA-S4-A8RP-01,PAAD,0.142,-0.038,Hot-Active
TCGA-US-A774-01,PAAD,0.397,0.377,Hot-Suppressed
TCGA-US-A776-01,PAAD,-1.308,-1.329,Cold-Desert
TCGA-US-A779-01,PAAD,-0.903,-1.515,Cold-Desert
TCGA-US-A77E-01,PAAD,-0.802,-0.849,Cold-Desert
TCGA-US-A77G-01,PAAD,-0.991,-1.054,Cold-Desert
TCGA-US-A77J-01,PAAD,1.205,1.531,Hot-Suppressed
TCGA-XD-AAUG-01,PAAD,0.2,0.225,Hot-Suppressed
TCGA-XD-AAUH-01,PAAD,0.666,0.617,Hot-Suppressed
TCGA-XD-AAUI-01,PAAD,0.195,0.277,Hot-Suppressed
TCGA-XD-AAUL-01,PAAD,-0.249,-0.204,Cold-Desert
TCGA-XN-A8T3-01,PAAD,-0.224,0.321,Suppressed-Cold
TCGA-XN-A8T5-01,PAAD,0.796,0.672,Hot-Suppressed
TCGA-YB-A89D-01,PAAD,0.322,0.511,Hot-Suppressed
TCGA-YH-A8SY-01,PAAD,-0.449,0.212,Suppressed-Cold
TCGA-YY-A8LH-01,PAAD,-0.531,-0.281,Cold-Desert
TCGA-Z5-AAPL-01,PAAD,1.228,1.609,Hot-Suppressed
TCGA-2W-A8YY-01,CESC,-0.168,-0.455,Cold-Desert
TCGA-4J-AA1J-01,CESC,-0.407,-0.738,Cold-Desert
TCGA-BI-A0VR-01,CESC,0.976,0.828,Hot-Suppressed
TCGA-BI-A0VS-01,CESC,0.569,0.333,Hot-Suppressed
TCGA-BI-A20A-01,CESC,0.707,0.507,Hot-Suppressed
TCGA-C5-A0TN-01,CESC,-0.686,0.115,Suppressed-Cold
TCGA-C5-A1BE-01,CESC,-0.324,0.219,Suppressed-Cold
TCGA-C5-A1BF-01,CESC,0.349,0.119,Hot-Suppressed
TCGA-C5-A1BI-01,CESC,0.811,0.639,Hot-Suppressed
TCGA-C5-A1BJ-01,CESC,0.318,0.367,Hot-Suppressed
TCGA-C5-A1BK-01,CESC,1.188,1.026,Hot-Suppressed
TCGA-C5-A1BL-01,CESC,0.588,0.582,Hot-Suppressed
TCGA-C5-A1BM-01,CESC,0.665,0.633,Hot-Suppressed
TCGA-C5-A1BN-01,CESC,-1.747,-1.559,Cold-Desert
TCGA-C5-A1BQ-01,CESC,0.409,0.882,Hot-Suppressed
TCGA-C5-A1M5-01,CESC,0.491,0.125,Hot-Suppressed
TCGA-C5-A1M6-01,CESC,-1.507,-0.781,Cold-Desert
TCGA-C5-A1M7-01,CESC,0.185,-0.064,Hot-Active
TCGA-C5-A1M8-01,CESC,-0.097,-0.765,Cold-Desert
TCGA-C5-A1M9-01,CESC,-0.867,-0.331,Cold-Desert
TCGA-C5-A1ME-01,CESC,-0.392,-0.343,Cold-Desert
TCGA-C5-A1MF-01,CESC,-0.466,-0.08,Cold-Desert
TCGA-C5-A1MH-01,CESC,0.86,1.102,Hot-Suppressed
TCGA-C5-A1MI-01,CESC,0.529,0.087,Hot-Suppressed
TCGA-C5-A1MJ-01,CESC,0.13,-0.368,Hot-Active
TCGA-C5-A1MK-01,CESC,0.329,0.085,Hot-Suppressed
TCGA-C5-A1ML-01,CESC,0.213,0.095,Hot-Suppressed
TCGA-C5-A1MN-01,CESC,-0.64,-0.359,Cold-Desert
TCGA-C5-A1MP-01,CESC,0.937,0.695,Hot-Suppressed
TCGA-C5-A1MQ-01,CESC,1.14,0.841,Hot-Suppressed
TCGA-C5-A2LS-01,CESC,-1.054,-1.727,Cold-Desert
TCGA-C5-A2LT-01,CESC,0.212,1.038,Hot-Suppressed
TCGA-C5-A2LV-01,CESC,0.002,0.259,Hot-Suppressed
TCGA-C5-A2LX-01,CESC,0.87,1.103,Hot-Suppressed
TCGA-C5-A2LY-01,CESC,0.7,0.66,Hot-Suppressed
TCGA-C5-A2LZ-01,CESC,0.167,0.194,Hot-Suppressed
TCGA-C5-A2M1-01,CESC,0.243,0.605,Hot-Suppressed
TCGA-C5-A2M2-01,CESC,-0.801,-0.693,Cold-Desert
TCGA-C5-A3HD-01,CESC,-1.562,-0.749,Cold-Desert
TCGA-C5-A3HE-01,CESC,0.546,0.478,Hot-Suppressed
TCGA-C5-A3HF-01,CESC,0.233,-0.444,Hot-Active
TCGA-C5-A3HL-01,CESC,-0.374,-0.517,Cold-Desert
TCGA-C5-A7CG-01,CESC,1.411,1.433,Hot-Suppressed
TCGA-C5-A7CH-01,CESC,-0.405,-0.235,Cold-Desert
TCGA-C5-A7CJ-01,CESC,0.722,0.612,Hot-Suppressed
TCGA-C5-A7CK-01,CESC,-0.732,-0.6,Cold-Desert
TCGA-C5-A7CL-01,CESC,-0.347,0.027,Suppressed-Cold
TCGA-C5-A7CM-01,CESC,-1.0,-1.379,Cold-Desert
TCGA-C5-A7CO-01,CESC,-0.122,0.093,Suppressed-Cold
TCGA-C5-A7UC-01,CESC,-1.812,-0.83,Cold-Desert
TCGA-C5-A7UE-01,CESC,-0.235,-0.266,Cold-Desert
TCGA-C5-A7UH-01,CESC,0.08,0.11,Hot-Suppressed
TCGA-C5-A7UI-01,CESC,0.768,0.794,Hot-Suppressed
TCGA-C5-A7X3-01,CESC,0.671,0.285,Hot-Suppressed
TCGA-C5-A7X5-01,CESC,-1.411,-0.823,Cold-Desert
TCGA-C5-A7X8-01,CESC,0.6,-0.375,Hot-Active
TCGA-C5-A7XC-01,CESC,0.457,0.083,Hot-Suppressed
TCGA-C5-A8XH-01,CESC,0.055,0.521,Hot-Suppressed
TCGA-C5-A8XI-01,CESC,0.275,0.447,Hot-Suppressed
TCGA-C5-A8XJ-01,CESC,0.018,0.22,Hot-Suppressed
TCGA-C5-A8XK-01,CESC,-0.455,-0.347,Cold-Desert
TCGA-C5-A8YQ-01,CESC,-0.706,-0.409,Cold-Desert
TCGA-C5-A8YR-01,CESC,0.295,0.826,Hot-Suppressed
TCGA-C5-A8YT-01,CESC,-0.333,-0.857,Cold-Desert
TCGA-C5-A8ZZ-01,CESC,-0.483,-0.781,Cold-Desert
TCGA-C5-A907-01,CESC,-0.225,0.232,Suppressed-Cold
TCGA-DG-A2KH-01,CESC,-1.115,-1.583,Cold-Desert
TCGA-DG-A2KJ-01,CESC,0.188,0.059,Hot-Suppressed
TCGA-DG-A2KK-01,CESC,-0.0,-0.173,Cold-Desert
TCGA-DG-A2KL-01,CESC,0.346,0.163,Hot-Suppressed
TCGA-DG-A2KM-01,CESC,2.098,2.101,Hot-Suppressed
TCGA-DR-A0ZL-01,CESC,-0.863,-0.806,Cold-Desert
TCGA-DR-A0ZM-01,CESC,0.883,0.834,Hot-Suppressed
TCGA-DS-A0VK-01,CESC,-0.299,-0.632,Cold-Desert
TCGA-DS-A0VL-01,CESC,0.235,0.284,Hot-Suppressed
TCGA-DS-A0VM-01,CESC,0.056,0.354,Hot-Suppressed
TCGA-DS-A0VN-01,CESC,0.703,1.203,Hot-Suppressed
TCGA-DS-A1OA-01,CESC,0.569,0.121,Hot-Suppressed
TCGA-DS-A3LQ-01,CESC,0.319,0.193,Hot-Suppressed
TCGA-DS-A5RQ-01,CESC,0.197,0.127,Hot-Suppressed
TCGA-DS-A7WF-01,CESC,-0.538,0.072,Suppressed-Cold
TCGA-DS-A7WH-01,CESC,-0.463,-0.437,Cold-Desert
TCGA-DS-A7WI-01,CESC,-0.454,-0.18,Cold-Desert
TCGA-EA-A1QS-01,CESC,0.193,0.133,Hot-Suppressed
TCGA-EA-A1QT-01,CESC,-0.489,-0.109,Cold-Desert
TCGA-EA-A3HQ-01,CESC,0.479,0.295,Hot-Suppressed
TCGA-EA-A3HR-01,CESC,0.156,-0.708,Hot-Active
TCGA-EA-A3HS-01,CESC,0.133,-0.065,Hot-Active
TCGA-EA-A3HT-01,CESC,0.316,0.327,Hot-Suppressed
TCGA-EA-A3HU-01,CESC,0.941,1.507,Hot-Suppressed
TCGA-EA-A3QD-01,CESC,1.418,1.312,Hot-Suppressed
TCGA-EA-A3QE-01,CESC,1.122,1.164,Hot-Suppressed
TCGA-EA-A3Y4-01,CESC,0.591,1.331,Hot-Suppressed
TCGA-EA-A410-01,CESC,0.248,0.122,Hot-Suppressed
TCGA-EA-A411-01,CESC,0.226,-0.229,Hot-Active
TCGA-EA-A439-01,CESC,-0.085,-0.075,Cold-Desert
TCGA-EA-A43B-01,CESC,0.481,0.694,Hot-Suppressed
TCGA-EA-A44S-01,CESC,0.219,0.192,Hot-Suppressed
TCGA-EA-A4BA-01,CESC,-1.115,-1.517,Cold-Desert
TCGA-EA-A50E-01,CESC,-0.199,-0.353,Cold-Desert
TCGA-EA-A556-01,CESC,-0.13,-0.436,Cold-Desert
TCGA-EA-A5FO-01,CESC,-1.095,-1.704,Cold-Desert
TCGA-EA-A5O9-01,CESC,-0.452,-0.001,Cold-Desert
TCGA-EA-A5ZD-01,CESC,0.27,0.446,Hot-Suppressed
TCGA-EA-A5ZE-01,CESC,0.521,0.156,Hot-Suppressed
TCGA-EA-A5ZF-01,CESC,-0.845,-1.178,Cold-Desert
TCGA-EA-A6QX-01,CESC,0.58,0.631,Hot-Suppressed
TCGA-EA-A78R-01,CESC,-0.101,0.236,Suppressed-Cold
TCGA-EA-A97N-01,CESC,-0.361,-0.488,Cold-Desert
TCGA-EK-A2GZ-01,CESC,-0.23,-0.059,Cold-Desert
TCGA-EK-A2H0-01,CESC,-0.745,-0.392,Cold-Desert
TCGA-EK-A2H1-01,CESC,0.186,0.87,Hot-Suppressed
TCGA-EK-A2IP-01,CESC,-0.235,-0.314,Cold-Desert
TCGA-EK-A2PG-01,CESC,-0.632,-0.519,Cold-Desert
TCGA-EK-A2PI-01,CESC,-0.466,-0.81,Cold-Desert
TCGA-EK-A2PK-01,CESC,1.118,1.079,Hot-Suppressed
TCGA-EK-A2PL-01,CESC,-0.528,-0.494,Cold-Desert
TCGA-EK-A2PM-01,CESC,-1.853,-1.828,Cold-Desert
TCGA-EK-A2R7-01,CESC,0.396,0.29,Hot-Suppressed
TCGA-EK-A2R8-01,CESC,-0.899,0.249,Suppressed-Cold
TCGA-EK-A2R9-01,CESC,0.441,0.48,Hot-Suppressed
TCGA-EK-A2RA-01,CESC,0.473,0.605,Hot-Suppressed
TCGA-EK-A2RB-01,CESC,-0.591,-0.537,Cold-Desert
TCGA-EK-A2RC-01,CESC,0.295,0.183,Hot-Suppressed
TCGA-EK-A2RE-01,CESC,-1.107,-1.281,Cold-Desert
TCGA-EK-A2RJ-01,CESC,0.269,1.101,Hot-Suppressed
TCGA-EK-A2RK-01,CESC,0.322,0.11,Hot-Suppressed
TCGA-EK-A2RL-01,CESC,-0.777,-1.791,Cold-Desert
TCGA-EK-A2RM-01,CESC,-0.51,-0.531,Cold-Desert
TCGA-EK-A2RN-01,CESC,-0.076,0.675,Suppressed-Cold
TCGA-EK-A2RO-01,CESC,-0.619,-0.485,Cold-Desert
TCGA-EK-A3GJ-01,CESC,-0.116,0.838,Suppressed-Cold
TCGA-EK-A3GK-01,CESC,-0.37,-0.12,Cold-Desert
TCGA-EK-A3GM-01,CESC,-1.024,-1.721,Cold-Desert
TCGA-EK-A3GN-01,CESC,-1.034,-1.858,Cold-Desert
TCGA-EX-A1H5-01,CESC,-0.437,-0.786,Cold-Desert
TCGA-EX-A1H6-01,CESC,-0.122,-0.829,Cold-Desert
TCGA-EX-A3L1-01,CESC,-0.388,-0.013,Cold-Desert
TCGA-EX-A69L-01,CESC,0.956,1.112,Hot-Suppressed
TCGA-EX-A69M-01,CESC,0.302,0.237,Hot-Suppressed
TCGA-EX-A8YF-01,CESC,0.511,0.38,Hot-Suppressed
TCGA-FU-A23K-01,CESC,0.097,0.681,Hot-Suppressed
TCGA-FU-A23L-01,CESC,0.665,0.576,Hot-Suppressed
TCGA-FU-A2QG-01,CESC,-0.766,0.002,Suppressed-Cold
TCGA-FU-A3EO-01,CESC,-0.32,-0.647,Cold-Desert
TCGA-FU-A3HY-01,CESC,-1.154,-1.138,Cold-Desert
TCGA-FU-A3HZ-01,CESC,-0.369,0.356,Suppressed-Cold
TCGA-FU-A3NI-01,CESC,0.02,-0.535,Hot-Active
TCGA-FU-A3TQ-01,CESC,0.197,-0.037,Hot-Active
TCGA-FU-A3TX-01,CESC,-0.332,-0.215,Cold-Desert
TCGA-FU-A3WB-01,CESC,-0.757,-0.617,Cold-Desert
TCGA-FU-A3YQ-01,CESC,0.946,0.724,Hot-Suppressed
TCGA-FU-A40J-01,CESC,-0.126,-0.001,Cold-Desert
TCGA-FU-A57G-01,CESC,-0.69,-0.631,Cold-Desert
TCGA-FU-A5XV-01,CESC,-0.147,0.163,Suppressed-Cold
TCGA-FU-A770-01,CESC,-0.713,-0.911,Cold-Desert
TCGA-GH-A9DA-01,CESC,-0.242,0.379,Suppressed-Cold
TCGA-HG-A2PA-01,CESC,0.318,0.476,Hot-Suppressed
TCGA-HM-A3JJ-01,CESC,0.566,0.387,Hot-Suppressed
TCGA-HM-A3JK-01,CESC,0.649,-0.165,Hot-Active
TCGA-HM-A4S6-01,CESC,0.543,0.742,Hot-Suppressed
TCGA-HM-A6W2-01,CESC,0.091,-0.6,Hot-Active
TCGA-IR-A3L7-01,CESC,-0.751,-1.553,Cold-Desert
TCGA-IR-A3LA-01,CESC,-0.239,-0.505,Cold-Desert
TCGA-IR-A3LB-01,CESC,-0.309,0.098,Suppressed-Cold
TCGA-IR-A3LC-01,CESC,-0.366,-0.813,Cold-Desert
TCGA-IR-A3LF-01,CESC,0.077,-0.311,Hot-Active
TCGA-IR-A3LH-01,CESC,1.423,1.411,Hot-Suppressed
TCGA-IR-A3LI-01,CESC,-1.467,-2.121,Cold-Desert
TCGA-IR-A3LK-01,CESC,-0.192,0.458,Suppressed-Cold
TCGA-IR-A3LL-01,CESC,0.898,1.22,Hot-Suppressed
TCGA-JW-A5VG-01,CESC,-0.23,0.463,Suppressed-Cold
TCGA-JW-A5VH-01,CESC,-1.312,-1.118,Cold-Desert
TCGA-JW-A5VI-01,CESC,0.296,0.281,Hot-Suppressed
TCGA-JW-A5VJ-01,CESC,-0.143,-0.596,Cold-Desert
TCGA-JW-A5VK-01,CESC,-0.54,-1.231,Cold-Desert
TCGA-JW-A5VL-01,CESC,0.233,0.834,Hot-Suppressed
TCGA-JW-A69B-01,CESC,0.375,-0.261,Hot-Active
TCGA-JW-A852-01,CESC,-0.323,-0.078,Cold-Desert
TCGA-JW-AAVH-01,CESC,-0.627,-0.723,Cold-Desert
TCGA-JX-A3PZ-01,CESC,0.303,0.298,Hot-Suppressed
TCGA-JX-A3Q0-01,CESC,0.349,0.716,Hot-Suppressed
TCGA-JX-A3Q8-01,CESC,-0.03,0.089,Suppressed-Cold
TCGA-JX-A5QV-01,CESC,-0.232,0.33,Suppressed-Cold
TCGA-LP-A4AU-01,CESC,-0.289,0.303,Suppressed-Cold
TCGA-LP-A4AV-01,CESC,0.692,0.918,Hot-Suppressed
TCGA-LP-A4AW-01,CESC,0.2,-0.217,Hot-Active
TCGA-LP-A4AX-01,CESC,0.793,1.06,Hot-Suppressed
TCGA-LP-A5U2-01,CESC,-0.701,0.066,Suppressed-Cold
TCGA-LP-A5U3-01,CESC,-0.093,0.263,Suppressed-Cold
TCGA-LP-A7HU-01,CESC,0.525,0.491,Hot-Suppressed
TCGA-MA-AA3W-01,CESC,1.064,1.09,Hot-Suppressed
TCGA-MA-AA3X-01,CESC,-0.08,-0.035,Cold-Desert
TCGA-MA-AA3Y-01,CESC,0.686,0.951,Hot-Suppressed
TCGA-MA-AA3Z-01,CESC,-0.082,0.45,Suppressed-Cold
TCGA-MA-AA41-01,CESC,-0.299,-0.273,Cold-Desert
TCGA-MA-AA42-01,CESC,1.584,1.743,Hot-Suppressed
TCGA-MA-AA43-01,CESC,-0.924,-0.239,Cold-Desert
TCGA-MU-A51Y-01,CESC,1.0,0.658,Hot-Suppressed
TCGA-MU-A5YI-01,CESC,0.424,-0.104,Hot-Active
TCGA-MU-A8JM-01,CESC,0.395,0.681,Hot-Suppressed
TCGA-MY-A5BD-01,CESC,-1.181,-0.657,Cold-Desert
TCGA-MY-A5BE-01,CESC,1.806,1.862,Hot-Suppressed
TCGA-MY-A5BF-01,CESC,0.055,0.741,Hot-Suppressed
TCGA-MY-A913-01,CESC,0.356,0.755,Hot-Suppressed
TCGA-PN-A8MA-01,CESC,0.711,0.521,Hot-Suppressed
TCGA-Q1-A5R1-01,CESC,0.02,-0.4,Hot-Active
TCGA-Q1-A5R2-01,CESC,0.459,0.725,Hot-Suppressed
TCGA-Q1-A5R3-01,CESC,-0.009,0.489,Suppressed-Cold
TCGA-Q1-A6DT-01,CESC,-0.988,-0.577,Cold-Desert
TCGA-Q1-A6DV-01,CESC,-0.553,-0.474,Cold-Desert
TCGA-Q1-A6DW-01,CESC,-0.199,-0.54,Cold-Desert
TCGA-Q1-A73O-01,CESC,0.12,0.791,Hot-Suppressed
TCGA-Q1-A73P-01,CESC,0.15,-0.185,Hot-Active
TCGA-Q1-A73Q-01,CESC,-0.638,-0.509,Cold-Desert
TCGA-Q1-A73R-01,CESC,-0.847,-0.266,Cold-Desert
TCGA-Q1-A73S-01,CESC,-0.937,-1.612,Cold-Desert
TCGA-R2-A69V-01,CESC,1.64,1.553,Hot-Suppressed
TCGA-RA-A741-01,CESC,0.335,0.422,Hot-Suppressed
TCGA-UC-A7PD-01,CESC,-0.526,-0.206,Cold-Desert
TCGA-UC-A7PF-01,CESC,1.043,1.071,Hot-Suppressed
TCGA-UC-A7PG-01,CESC,-0.219,-0.265,Cold-Desert
TCGA-UC-A7PI-01,CESC,-0.848,-1.089,Cold-Desert
TCGA-VS-A8EB-01,CESC,-0.161,0.042,Suppressed-Cold
TCGA-VS-A8EC-01,CESC,-0.877,-1.734,Cold-Desert
TCGA-VS-A8EG-01,CESC,-0.17,-0.724,Cold-Desert
TCGA-VS-A8EH-01,CESC,-0.846,-0.975,Cold-Desert
TCGA-VS-A8EI-01,CESC,0.301,0.415,Hot-Suppressed
TCGA-VS-A8EJ-01,CESC,-0.278,-0.546,Cold-Desert
TCGA-VS-A8EL-01,CESC,0.7,1.318,Hot-Suppressed
TCGA-VS-A8Q8-01,CESC,0.259,0.769,Hot-Suppressed
TCGA-VS-A8Q9-01,CESC,-0.121,-0.64,Cold-Desert
TCGA-VS-A8QA-01,CESC,-0.683,-0.489,Cold-Desert
TCGA-VS-A8QC-01,CESC,-0.137,-0.426,Cold-Desert
TCGA-VS-A8QF-01,CESC,0.4,-0.061,Hot-Active
TCGA-VS-A8QH-01,CESC,-1.042,-1.47,Cold-Desert
TCGA-VS-A8QM-01,CESC,1.132,0.616,Hot-Suppressed
TCGA-VS-A94W-01,CESC,0.849,1.185,Hot-Suppressed
TCGA-VS-A94X-01,CESC,-0.199,0.12,Suppressed-Cold
TCGA-VS-A94Y-01,CESC,-0.432,-0.134,Cold-Desert
TCGA-VS-A94Z-01,CESC,1.127,1.546,Hot-Suppressed
TCGA-VS-A950-01,CESC,-0.106,-0.353,Cold-Desert
TCGA-VS-A952-01,CESC,-0.44,-1.256,Cold-Desert
TCGA-VS-A953-01,CESC,-0.701,0.035,Suppressed-Cold
TCGA-VS-A954-01,CESC,-0.042,-0.372,Cold-Desert
TCGA-VS-A957-01,CESC,-0.759,-0.979,Cold-Desert
TCGA-VS-A958-01,CESC,0.86,1.173,Hot-Suppressed
TCGA-VS-A959-01,CESC,0.456,0.185,Hot-Suppressed
TCGA-VS-A9U5-01,CESC,0.399,0.293,Hot-Suppressed
TCGA-VS-A9U6-01,CESC,0.152,0.255,Hot-Suppressed
TCGA-VS-A9U7-01,CESC,0.504,0.943,Hot-Suppressed
TCGA-VS-A9UB-01,CESC,0.607,1.169,Hot-Suppressed
TCGA-VS-A9UC-01,CESC,0.084,0.379,Hot-Suppressed
TCGA-VS-A9UD-01,CESC,0.804,1.244,Hot-Suppressed
TCGA-VS-A9UH-01,CESC,1.201,1.633,Hot-Suppressed
TCGA-VS-A9UI-01,CESC,0.584,0.507,Hot-Suppressed
TCGA-VS-A9UJ-01,CESC,-1.751,-1.723,Cold-Desert
TCGA-VS-A9UL-01,CESC,-0.741,-1.545,Cold-Desert
TCGA-VS-A9UM-01,CESC,0.836,0.584,Hot-Suppressed
TCGA-VS-A9UO-01,CESC,-1.247,-1.396,Cold-Desert
TCGA-VS-A9UP-01,CESC,-0.549,-1.268,Cold-Desert
TCGA-VS-A9UQ-01,CESC,-0.139,-0.803,Cold-Desert
TCGA-VS-A9UR-01,CESC,-0.985,-0.854,Cold-Desert
TCGA-VS-A9UT-01,CESC,1.779,1.524,Hot-Suppressed
TCGA-VS-A9UU-01,CESC,-0.484,-0.567,Cold-Desert
TCGA-VS-A9UV-01,CESC,-0.577,-0.734,Cold-Desert
TCGA-VS-A9UY-01,CESC,0.036,0.314,Hot-Suppressed
TCGA-VS-A9UZ-01,CESC,0.157,-0.385,Hot-Active
TCGA-VS-A9V0-01,CESC,-1.386,-1.491,Cold-Desert
TCGA-VS-A9V1-01,CESC,-1.137,-1.164,Cold-Desert
TCGA-VS-A9V2-01,CESC,0.343,0.257,Hot-Suppressed
TCGA-VS-A9V3-01,CESC,0.466,0.539,Hot-Suppressed
TCGA-VS-A9V4-01,CESC,-1.362,-1.492,Cold-Desert
TCGA-VS-A9V5-01,CESC,-0.245,-1.239,Cold-Desert
TCGA-VS-AA62-01,CESC,0.852,1.175,Hot-Suppressed
TCGA-WL-A834-01,CESC,-0.556,-0.733,Cold-Desert
TCGA-XS-A8TJ-01,CESC,0.152,0.073,Hot-Suppressed
TCGA-ZJ-A8QO-01,CESC,0.789,0.846,Hot-Suppressed
TCGA-ZJ-A8QQ-01,CESC,-0.778,-0.119,Cold-Desert
TCGA-ZJ-A8QR-01,CESC,-0.406,-0.7,Cold-Desert
TCGA-ZJ-AAX4-01,CESC,0.87,0.412,Hot-Suppressed
TCGA-ZJ-AAX8-01,CESC,0.835,0.835,Hot-Suppressed
TCGA-ZJ-AAXA-01,CESC,-0.719,-1.173,Cold-Desert
TCGA-ZJ-AAXB-01,CESC,-1.523,-0.632,Cold-Desert
TCGA-ZJ-AAXD-01,CESC,-0.172,-0.598,Cold-Desert
TCGA-ZJ-AAXF-01,CESC,0.714,0.42,Hot-Suppressed
TCGA-ZJ-AAXI-01,CESC,-0.683,-0.7,Cold-Desert
TCGA-ZJ-AAXJ-01,CESC,-0.323,-0.192,Cold-Desert
TCGA-ZJ-AAXN-01,CESC,0.065,0.38,Hot-Suppressed
TCGA-ZJ-AAXT-01,CESC,-0.166,0.171,Suppressed-Cold
TCGA-ZJ-AAXU-01,CESC,0.514,0.655,Hot-Suppressed
TCGA-ZJ-AB0H-01,CESC,0.903,0.764,Hot-Suppressed
TCGA-ZJ-AB0I-01,CESC,-0.68,0.027,Suppressed-Cold
TCGA-ZX-AA5X-01,CESC,0.546,0.254,Hot-Suppressed
