sample,cohort,CD8A,CD4,FOXP3,CD68,NCAM1,CD19,TIGIT,LAG3,HAVCR2,PDCD1,CD274,IL10,TGFB1,CTLA4
TCGA-2W-A8YY-01,CESC,-0.5314,0.0716,-1.181,-0.3338,0.1965,0.77,-0.3975,-0.1768,-0.1258,0.2419,-0.9049,-1.2997,-0.2722,-0.7045
TCGA-4J-AA1J-01,CESC,-0.9346,-0.7541,-0.266,-0.5828,1.4882,-1.3931,-0.7683,-0.7353,-1.1386,-0.9973,-0.6933,-0.5805,0.0788,-1.0668
TCGA-BI-A0VR-01,CESC,1.0339,0.6834,1.718,0.1337,0.8445,1.4403,1.3002,0.8277,0.8966,0.8305,1.0222,0.0239,0.407,1.3148
TCGA-BI-A0VS-01,CESC,-0.0022,0.4185,1.0471,0.0722,0.5646,1.3124,0.4538,0.1384,0.1514,0.3094,-1.0207,0.8348,1.0453,0.7496
TCGA-BI-A20A-01,CESC,0.8011,0.9708,0.9866,0.2088,0.0184,1.2552,0.9928,0.3164,0.592,0.6627,0.3706,0,0.3693,0.7553
TCGA-C5-A0TN-01,CESC,-0.5443,-0.644,-0.2102,0.1524,-1.3145,-1.5547,-0.5243,0.3172,-0.3827,-0.2721,0.5975,-0.999,1.9603,0.2269
TCGA-C5-A1BE-01,CESC,-0.2064,-0.0436,0.6281,0.1135,-1.0536,-1.3797,0.2044,0.1222,0.0573,-0.1217,0.7412,-0.0072,0.4396,0.3157
TCGA-C5-A1BF-01,CESC,-0.1038,0.6138,0.5178,-0.2139,1.9376,-0.6554,0.0897,-0.3923,0.28,-0.4076,0.2442,-0.2213,1.4283,-0.0683
TCGA-C5-A1BI-01,CESC,0.7096,0.7036,1.0249,1.2386,0.2416,0.9489,0.9429,0.7152,0.8617,0.4986,0.3602,0.6266,0.0233,1.0821
TCGA-C5-A1BJ-01,CESC,0.3853,0.4423,0.9385,-0.1949,-0.3146,0.6511,0.8579,-0.0254,-0.356,0.106,0.1067,1.8193,-0.2021,0.6294
TCGA-C5-A1BK-01,CESC,1.7555,1.5974,2.0514,0.5416,-0.6381,1.8229,1.6488,1.4369,1.2304,1.8225,1.1798,-0.2485,-0.4382,1.5755
TCGA-C5-A1BL-01,CESC,1.0214,0.5497,0.5456,1.1447,-0.8015,1.0685,0.7508,0.5418,0.7588,0.3332,1.1986,-0.0588,0.5721,0.5592
TCGA-C5-A1BM-01,CESC,0.1167,1.6099,1.0939,1.6865,-0.5161,0.001,0.6547,0.4191,1.6191,0.5726,0.7603,1.0788,-0.6896,0.6518
TCGA-C5-A1BN-01,CESC,-2.6056,-1.3729,-3.013,-0.9555,-0.9073,-1.6297,-1.8229,-2.3909,-2.6406,-2.7537,0.0871,-1.3083,0.4749,-2.1173
TCGA-C5-A1BQ-01,CESC,1.4392,0.5297,0.193,0.808,-0.0748,-0.4428,0.903,0.7403,0.9741,1.2031,1.2264,-0.0138,1.7866,0.2385
TCGA-C5-A1M5-01,CESC,0.5683,0.7419,1.1073,-0.7832,0.0522,1.2595,0.5281,-0.0869,0.3265,0.2534,-0.0757,-0.4425,-0.1247,0.6193
TCGA-C5-A1M6-01,CESC,-1.9335,-2.9323,-1.7972,-1.0631,-0.1514,-1.1639,-2.7066,0.4177,-2.3461,1.1148,-0.7986,-0.8812,1.1089,-2.1554
TCGA-C5-A1M7-01,CESC,-0.4183,0.0138,1.0924,-0.4633,-0.6329,1.5185,0.3675,-0.366,-0.4087,-0.37,0.193,0.9889,-1.2662,0.3478
TCGA-C5-A1M8-01,CESC,-0.5155,-0.4095,-0.1601,0.1724,0.0147,0.3143,-1.2028,-0.5613,-0.5907,-1.3409,-1.2031,-0.4329,0.1504,-0.9411
TCGA-C5-A1M9-01,CESC,0.1081,-0.9596,-0.8528,-0.3935,-1.6648,-1.4396,-0.2225,0.2655,-0.0253,0.1211,-0.8766,-0.6403,-0.3946,-0.8787
TCGA-C5-A1ME-01,CESC,0.5113,-0.2363,-1.5496,-0.0856,-1.296,0.302,-0.336,0.1219,-0.3934,0.4636,-1.7093,-0.6953,-0.4783,0.2856
TCGA-C5-A1MF-01,CESC,-0.0584,-0.2901,-3.1838,-0.0764,0.3045,0.5106,-0.0127,0.8032,0.3415,0.498,-1.6829,-0.0727,-0.9291,0.4109
TCGA-C5-A1MH-01,CESC,1.0363,1.1744,1.3497,1.0715,-0.9196,1.4502,1.1143,0.7993,1.2551,1.1613,1.1444,1.7523,0.3422,1.2491
TCGA-C5-A1MI-01,CESC,0.9425,0.3384,0.5488,-0.7242,1.4554,0.614,0.8121,-0.3391,-0.0286,0.4475,-0.4864,0.2202,-0.6553,0.7219
TCGA-C5-A1MJ-01,CESC,-0.6128,0.6564,0.6149,0.2579,1.1777,-1.3145,-0.0094,-1.2495,0.2539,-0.8977,-0.5173,0.4644,-0.8179,-0.1682
TCGA-C5-A1MK-01,CESC,-0.31,0.0377,0.021,0.6186,1.6782,-0.0727,-0.1966,-0.6095,-0.2072,-0.0535,1.0375,0.8476,0.1822,-0.3174
TCGA-C5-A1ML-01,CESC,-0.47,0.1988,0.5836,0.4412,1.5191,-0.9961,-0.3353,0.0423,0.2737,-0.3039,0.4294,0.2488,0.0759,0.3306
TCGA-C5-A1MN-01,CESC,-0.7842,-1.5691,-1.1408,1.4443,-0.1741,-1.6151,-0.9162,-1.0983,-1.3698,-1.2266,1.082,0.5535,1.0564,-0.9538
TCGA-C5-A1MP-01,CESC,0.8565,1.6872,1.5298,1.1207,-0.215,0.6406,0.7432,-0.0181,1.1277,0.6601,1.2696,0.0825,0.6921,1.0025
TCGA-C5-A1MQ-01,CESC,0.6993,1.6212,0.7674,1.2681,0.5266,1.9576,0.76,1.8103,1.3495,1.2076,-0.4806,1.7286,-0.1367,0.4928
TCGA-C5-A2LS-01,CESC,-0.9207,-1.5028,-1.378,-1.4138,-1.5706,0.4602,-1.0783,-1.5628,-2.2102,-1.6301,-1.3864,-0.8746,-3.6158,-1.4563
TCGA-C5-A2LT-01,CESC,0.7743,-0.0898,0.3493,-0.2949,0.1756,0.3576,0.8654,0.7319,0.5582,0.8563,1.0017,1.5367,1.8984,0.852
TCGA-C5-A2LV-01,CESC,-0.2132,0.9383,0.601,0.2105,-1.0743,-0.4485,-0.0129,0.7973,0.5455,-0.0833,0.1283,-0.5603,0.5209,0.7369
TCGA-C5-A2LX-01,CESC,1.3936,1.2341,1.3405,-0.3253,-0.3993,1.9762,1.4524,1.634,0.9576,1.4327,0.0742,1.0046,0.2493,2.0205
TCGA-C5-A2LY-01,CESC,1.4793,1.3117,0.1088,0.6482,0.2263,0.4254,1.1573,1.2247,1.3742,1.3372,-1.0978,0.2363,-0.122,1.1718
TCGA-C5-A2LZ-01,CESC,0.2278,-0.056,0.5906,-0.1715,0.1712,0.2419,0.5135,0.3704,0.0715,0.053,0.1215,0.1921,-0.0756,0.3028
TCGA-C5-A2M1-01,CESC,1.0608,0.6643,0.9169,0.0139,-0.9429,-0.2573,1.3262,0.7522,0.7288,1.374,-0.214,0.6994,-1.3291,1.5059
TCGA-C5-A2M2-01,CESC,-0.2171,-1.4109,-1.073,0.7826,-1.6687,-1.2167,-0.471,-0.8012,-1.5904,-0.1332,-0.4686,-0.3281,-0.9035,-0.845
TCGA-C5-A3HD-01,CESC,-2.0862,-2.0409,-0.7071,-1.0822,-1.9799,-1.4743,-1.0551,-0.9969,-1.8011,-1.0294,0.1707,-0.6087,-0.2594,-0.4133
TCGA-C5-A3HE-01,CESC,1.3912,0.3955,-0.405,1.7776,-0.1512,0.2704,1.1769,1.0121,0.8206,1.1497,-0.2608,0.1147,-0.8265,0.6334
TCGA-C5-A3HF-01,CESC,0.4968,0.0451,1.1792,-0.3347,-0.301,0.31,0.6239,-0.6559,-0.4349,0.1336,-0.9304,-1.4881,-0.8482,0.0466
TCGA-C5-A3HL-01,CESC,-0.4674,-0.6922,-0.1512,-0.124,0.0269,-0.8377,-0.534,-1.1908,-0.7379,-0.5902,0.1831,-0.4201,-0.0663,-0.7766
TCGA-C5-A7CG-01,CESC,2.0847,1.6648,2.0583,0.6973,-0.1787,2.1404,2.0216,1.8293,1.3745,1.8256,1.5113,1.0608,0.266,1.5743
TCGA-C5-A7CH-01,CESC,-0.7974,-0.8244,-0.48,1.1569,-0.7556,-0.7299,-0.2989,-0.8772,-0.4441,-0.9336,0.028,-0.0453,1.0887,-0.3986
TCGA-C5-A7CJ-01,CESC,0.4915,1.0264,1.0447,0.5787,0.5361,0.6545,0.9172,0.1241,0.6072,-0.0025,0.8418,2.201,-0.5924,0.7999
TCGA-C5-A7CK-01,CESC,-1.4552,-1.173,-0.8536,-1.1556,0.5873,-0.3442,-1.35,-0.7472,-0.9612,-1.6374,-0.2,0.532,1.0664,-1.5044
TCGA-C5-A7CL-01,CESC,-0.868,0.7596,-0.2769,0.5056,-0.6178,-1.584,-0.6722,-0.4704,-0.3506,-0.3465,0.7336,1.0282,0.3045,-0.0092
TCGA-C5-A7CM-01,CESC,-1.9236,-1.0041,-1.9526,-0.6618,-0.3878,-0.0725,-2.2572,-1.7164,-1.4623,-1.134,-0.974,-0.1623,-1.6185,-1.71
TCGA-C5-A7CO-01,CESC,0.4747,-0.1004,0.355,-0.2752,-0.8709,-0.3155,0.236,-0.0285,-0.3235,0.2622,1.1894,-0.8986,0.2659,0.0381
TCGA-C5-A7UC-01,CESC,-1.2978,-2.6531,-0.3309,-2.7838,-1.9514,-1.8579,-1.0114,-1.8304,-1.7527,-1.6608,-0.0664,-1.2927,1.183,-0.207
TCGA-C5-A7UE-01,CESC,-0.8087,-0.7475,-0.3831,0.5289,-0.7359,0.739,-0.7054,-0.6489,-0.5393,-0.4673,-0.5286,0.0257,0.6052,0.1289
TCGA-C5-A7UH-01,CESC,0.0109,0.1628,0.3977,0.985,-1.2253,0.1471,-0.4538,-0.2251,0.1295,-0.2211,0.0297,0.1559,1.5974,-0.1288
TCGA-C5-A7UI-01,CESC,0.6248,0.3989,1.0111,1.0427,0.0468,1.4847,0.7969,2.0006,0.6407,1.2663,-0.0035,0.3414,-0.104,1.4149
TCGA-C5-A7X3-01,CESC,0.14,1.0985,0.055,-0.0242,0.7156,2.0388,0.1177,0.1905,0.4709,0.5581,0.1815,0.9265,-0.2312,0.0647
TCGA-C5-A7X5-01,CESC,-1.23,-1.4218,-0.6144,-0.5652,-2.7776,-1.8579,-1.985,-1.0503,-0.8743,-1.57,-0.9987,0.0386,0.9432,-1.0901
TCGA-C5-A7X8-01,CESC,-0.0435,0.2305,0.8006,-0.3597,2.2119,0.7617,-0.5191,0.2012,-0.3492,0.3716,-1.4774,-1.2896,0.1455,-0.0804
TCGA-C5-A7XC-01,CESC,-0.1373,0.4775,0.5802,-0.1658,1.6861,0.3015,0.6816,-0.512,0.6322,-0.1463,-0.8861,0.3292,0.3419,0.2275
TCGA-C5-A8XH-01,CESC,0.086,0.4073,1.379,0.2173,-0.9639,-0.7987,0.6373,0.4645,0.3922,0.0225,0.6626,0.1029,1.0557,0.828
TCGA-C5-A8XI-01,CESC,0.9444,-0.2427,0.9023,-0.9335,-0.2146,1.1942,0.7589,0.611,-0.5205,0.209,0.9075,1.3678,-0.2063,0.4465
TCGA-C5-A8XJ-01,CESC,0.3471,0.1293,0.7354,-0.7947,0.4875,-0.7977,0.417,0.1147,0.1977,0.4216,0.8978,0.0726,-0.4183,0.0531
TCGA-C5-A8XK-01,CESC,-0.6952,0.2823,-0.1591,0.0092,-1.4569,-0.7106,-0.8655,-0.2515,-0.1495,-0.5059,0.086,-0.9025,0.6835,-0.8684
TCGA-C5-A8YQ-01,CESC,-0.5761,-0.0767,-1.3834,-0.7109,-0.9627,-0.5247,-1.4708,-1.0298,-0.0616,0.1583,-0.4668,-0.3228,1.1895,-1.2664
TCGA-C5-A8YR-01,CESC,0.3847,0.9254,0.2177,1.4145,0.683,-1.8579,1.2925,1.0199,1.2488,1.0193,0.8975,0.0533,-0.0856,1.1596
TCGA-C5-A8YT-01,CESC,-0.2686,-0.3168,-0.9656,-1.3177,2.0229,-1.154,-0.9732,-0.7023,-0.4637,-1.2141,-1.3471,-0.18,0.1387,-2.1163
TCGA-C5-A8ZZ-01,CESC,-1.718,-0.4247,-0.0318,-0.9936,1.3277,-1.0547,-1.0778,-0.9439,-0.5613,-1.3928,-0.748,-0.6945,0.2028,-1.0313
TCGA-C5-A907-01,CESC,-0.1745,1.0587,-0.9867,-0.1991,-0.2262,-0.8214,0.0394,0.2947,-0.049,0.2674,0.6655,0.0382,0.6834,-0.0851
TCGA-DG-A2KH-01,CESC,-0.881,-1.8871,-1.28,-0.4808,-1.1,-1.0598,-0.8891,-1.7725,-1.508,-1.3745,-1.4817,-1.3715,-3.1846,-1.0827
TCGA-DG-A2KJ-01,CESC,-0.0004,0.5879,-2.2863,0.9552,-0.5155,2.3873,0.5463,2.5354,0.6277,0.7518,-1.251,-2.9721,-0.6146,0.8481
TCGA-DG-A2KK-01,CESC,-0.0464,0.0472,0.5527,-0.4252,0.2946,-0.424,0.1621,-0.1057,0.2221,0.1492,-0.3418,-0.0435,-1.3374,-0.0856
TCGA-DG-A2KL-01,CESC,-0.068,0.6224,0.8818,0.1181,1.0739,-0.5503,0.209,-0.6422,0.5541,-0.9084,1.3285,0.2922,0.1034,0.3645
TCGA-DG-A2KM-01,CESC,2.7926,2.3859,2.2644,2.616,0.2132,2.317,2.4709,2.2561,2.5573,2.0543,1.9812,2.2818,0.4769,2.7289
TCGA-DR-A0ZL-01,CESC,-1.2341,-1.3494,-0.4092,-1.2475,-1.4715,0.5343,-0.526,-1.5851,-1.4222,-1.1519,-0.1595,-0.3597,-0.6966,-0.5441
TCGA-DR-A0ZM-01,CESC,1.3712,1.1144,1.5561,-0.036,0.3827,0.9095,1.1801,1.4337,0.9033,1.3229,2.2621,-0.3224,-1.3341,1.2266
TCGA-DS-A0VK-01,CESC,-0.5987,-1.0128,-0.9115,0.9356,-0.0143,-0.1897,-0.7161,-1.1852,-0.471,-0.879,-0.9688,-0.2815,0.7626,-1.3134
TCGA-DS-A0VL-01,CESC,0.5958,-0.0272,0.3819,-0.2027,0.9941,-0.3336,0.7712,-0.0183,-0.038,0.2394,0.333,-0.02,0.4361,0.5697
TCGA-DS-A0VM-01,CESC,-0.5313,-0.1777,0.4474,0.901,0.2024,-0.5064,-0.1435,0.6305,0.3451,-0.7551,1.8553,-0.0919,0.6233,0.3652
TCGA-DS-A0VN-01,CESC,1.6529,1.1481,1.6118,1.1179,-0.7534,-0.5578,1.4593,1.4878,1.6728,1.6375,1.0241,0.9453,0.2678,1.1299
TCGA-DS-A1OA-01,CESC,0.5979,0.653,0.7127,0.3116,0.6558,0.4816,0.6685,0.0072,0.5278,0.0074,0.2537,-1.4607,0.5247,0.4413
TCGA-DS-A3LQ-01,CESC,-0.4592,0.5328,0.5274,1.2506,0.6721,-0.6075,-0.2462,-0.2528,0.6806,-0.2895,1.1393,0.9772,-0.1265,-0.3385
TCGA-DS-A5RQ-01,CESC,0.3252,0.3101,0.3795,0.944,-0.2693,-0.5051,0.138,-0.4081,0.4529,-0.1641,0.7929,-0.7048,0.7277,0.1833
TCGA-DS-A7WF-01,CESC,-0.6072,-0.6883,-0.2868,-1.5645,0.4123,-0.4939,-0.2115,-0.3435,-0.6334,1.3231,-0.562,-0.1963,1.5308,-0.3348
TCGA-DS-A7WH-01,CESC,-0.7121,-1.3779,-1.4615,0.6381,1.2101,-1.0767,-0.9825,-1.1031,-0.8814,0.221,-0.9838,0.7957,0.0574,-0.6215
TCGA-DS-A7WI-01,CESC,-0.7428,-0.1098,-0.5107,-0.2659,-0.1128,-0.9818,-0.7921,0.1006,-0.0895,-0.1618,-0.7135,0.7524,-0.2161,-0.3194
TCGA-EA-A1QS-01,CESC,-0.3814,0.7161,0.3692,-0.8236,2.5236,-1.2447,-0.2918,-0.0059,0.1886,-0.4021,1.3019,-0.4371,0.9296,-0.2206
TCGA-EA-A1QT-01,CESC,-0.3032,-0.4494,0.0181,-0.5462,-1.1256,-0.5299,-0.0194,-0.146,-0.2895,-0.3872,-0.1278,-0.1761,0.3128,-0.036
TCGA-EA-A3HQ-01,CESC,0.1056,1.1492,0.9893,0.9034,0.3784,-0.6504,0.3855,-0.3763,1.0368,0.2928,0.1861,0.2816,0.2584,0.2961
TCGA-EA-A3HR-01,CESC,-0.7883,-0.0547,-0.229,0.8638,1.3568,-0.2139,-0.3691,-1.2343,-0.4502,-1.0598,0.3451,-2.0957,0.5131,-1.3131
TCGA-EA-A3HS-01,CESC,-0.3011,0.1834,0.5114,-0.2204,0.7614,-0.1383,0.1415,-0.3387,0.1871,-0.3868,-0.2874,0.0193,0.1855,-0.04
TCGA-EA-A3HT-01,CESC,-0.3101,0.5218,1.0799,1.0024,0.8796,-1.2794,0.4793,-0.7785,0.583,-0.2779,0.703,1.4492,-0.1647,0.6189
TCGA-EA-A3HU-01,CESC,1.0552,1.0128,0.5163,1.5891,0.5199,0.9518,1.6096,1.9021,1.7594,1.2925,1.1565,1.7218,1.1176,1.4994
TCGA-EA-A3QD-01,CESC,1.7547,1.6198,2.0232,0.9372,0.2045,1.9687,1.5348,1.2175,1.5974,1.5274,1.3201,1.6049,0.1521,1.5445
TCGA-EA-A3QE-01,CESC,1.4264,0.8793,1.4043,1.1493,0.4717,1.3996,1.566,0.9152,1.0083,1.2297,2.103,0.5852,0.6818,1.2209
TCGA-EA-A3Y4-01,CESC,1.8307,1.268,0.6832,0.0706,0.5547,-0.8594,1.6828,2.3373,1.6408,2.1972,0.4251,0.0306,0.5946,1.7368
TCGA-EA-A410-01,CESC,2.2627,-0.0131,-0.3736,-0.4761,1.1168,-1.0298,-0.3664,0.7227,0.104,0.6354,-0.5288,-0.1022,0.8424,-0.3323
TCGA-EA-A411-01,CESC,-0.5113,0.3288,0.624,-0.1087,0.796,0.2294,-0.1078,-0.7764,0.0691,-0.5203,-0.7118,0.1758,-0.0283,0.0703
TCGA-EA-A439-01,CESC,0.1946,-0.6863,-0.4607,-0.6887,2.3466,-1.2185,0.2209,0.406,-0.0279,-0.0489,0.372,-0.6713,-0.863,0.0133
TCGA-EA-A43B-01,CESC,0.9596,0.4806,0.7887,0.2197,-0.4888,0.9287,0.6726,1.1618,0.7767,1.0916,0.1742,0.1981,0.7658,0.715
TCGA-EA-A44S-01,CESC,0.4743,0.6552,-0.2712,0.313,0.3089,-0.1657,0.318,0.3742,0.1918,0.1627,0.2212,0.6165,-0.7837,0.4322
TCGA-EA-A4BA-01,CESC,-2.0653,-1.1896,-3.1175,-3.3865,3.1398,-0.0693,-2.4927,-0.5621,-1.8888,-1.0083,-3.1103,-0.8582,-0.245,-1.9684
TCGA-EA-A50E-01,CESC,-0.4737,0.4336,-0.5639,0.7995,-0.5448,-0.8459,-0.8381,-1.0761,0.8418,-0.6745,-1.108,-0.4271,0.3272,0.132
TCGA-EA-A556-01,CESC,-1.0895,-0.3093,0.1326,-1.3996,2.5522,-0.668,-0.8367,0.0242,-0.5925,-0.9288,-0.7356,1.8094,-1.6069,-0.6201
TCGA-EA-A5FO-01,CESC,-0.4927,-2.5939,-0.3173,-1.5313,-0.0466,-1.5866,-1.0057,-1.6801,-2.5463,-1.5597,-0.6817,-2.9721,-1.5911,-1.595
TCGA-EA-A5O9-01,CESC,0.0985,-0.3572,0.1423,-0.2033,-1.8582,-0.5333,0.0485,0.1526,0.0829,0.2581,-0.2821,-0.8501,0.3851,0.1968
TCGA-EA-A5ZD-01,CESC,-0.1138,0.8942,0.8033,1.1329,-0.0897,-1.0068,0.5838,0.0008,0.9071,0.3589,0.0221,0.5256,0.2644,0.9027
TCGA-EA-A5ZE-01,CESC,0.2198,1.2664,0.4733,0.1476,0.5434,0.4736,0.3917,0.2992,1.0702,0.0752,-0.5271,0.0098,-0.316,0.2443
TCGA-EA-A5ZF-01,CESC,-1.8616,-0.9171,-1.6052,-1.0476,1.3782,-1.0175,-2.3265,-0.4159,-0.6023,-1.7683,-2.0499,0.8868,-1.3692,-1.779
TCGA-EA-A6QX-01,CESC,0.352,0.2471,0.8498,0.5833,0.1527,1.2925,0.4178,2.0871,0.4176,0.2929,0.4204,0.9409,-0.1047,0.5787
TCGA-EA-A78R-01,CESC,-0.2289,-0.0702,-0.1956,0.0433,-0.5007,0.3481,-0.0535,0.7083,0.3446,-0.2192,0.023,0.3991,-0.0638,0.7458
TCGA-EA-A97N-01,CESC,-0.8765,-0.3074,0.0282,-0.708,0.3494,-0.6543,-0.7574,-1.4585,-0.4108,-0.5978,0.1164,-0.2,0.0394,-0.6339
TCGA-EK-A2GZ-01,CESC,-0.4427,-0.4805,-0.3769,1.2851,-0.1041,-1.263,-0.0819,-0.61,-0.1844,-0.4862,-0.3902,0.8123,0.6166,-0.147
TCGA-EK-A2H0-01,CESC,-1.3848,-0.7542,-0.5482,-0.7024,-0.1433,-0.9343,-0.7341,-0.2976,-0.0808,-1.0229,-0.3646,-0.7955,1.0419,-0.8848
TCGA-EK-A2H1-01,CESC,-0.3241,0.4633,1.024,0.2736,-0.2958,-0.0228,0.1087,1.0983,1.0352,0.0566,1.2257,2.0051,0.527,0.9071
TCGA-EK-A2IP-01,CESC,0.4151,-1.2632,0.028,1.0249,-0.9313,-0.6821,-0.0832,-0.3601,-0.6467,0.4711,-0.3979,-1.829,0.2359,0.1001
TCGA-EK-A2PG-01,CESC,-0.4459,-0.7429,-0.9386,0.4366,-1.203,-0.8989,-0.6019,-0.3841,-0.8359,-0.4977,-0.9183,-1.0363,0.7976,-0.6749
TCGA-EK-A2PI-01,CESC,-1.6679,-1.2788,-0.4411,1.7635,0.6877,-1.8579,-1.2555,-0.8109,-1.1107,-1.5455,-0.4308,-0.486,-0.2584,-0.5804
TCGA-EK-A2PK-01,CESC,1.2507,0.4001,0.9583,0.5999,2.5104,0.9884,1.5322,1.2232,1.2618,1.4977,1.4041,1.0452,-0.2817,0.9512
TCGA-EK-A2PL-01,CESC,0.2403,0.2744,-0.7533,0.0448,-2.001,-0.9708,-0.1767,-0.3458,-0.7615,-0.0181,-1.2247,-1.8236,0.8464,-0.4502
TCGA-EK-A2PM-01,CESC,-1.8827,-2.6599,-1.9465,-1.0868,-1.6868,-1.8579,-2.4141,-1.6586,-2.3142,-2.3381,-1.9792,-1.5095,-0.5755,-1.8355
TCGA-EK-A2R7-01,CESC,0.615,0.32,0.37,-0.7533,0.5469,1.2775,0.6342,0.4646,0.0433,0.789,-0.5857,0.1011,0.0991,0.7759
TCGA-EK-A2R8-01,CESC,0.0932,-0.8565,-0.533,-1.5973,-0.6437,-1.8579,0.3141,0.8166,-0.567,-0.5585,0.4718,0.4331,1.1438,-0.065
TCGA-EK-A2R9-01,CESC,0.986,1.2136,1.1495,-1.0075,0.6975,-0.3907,0.782,0.952,0.7583,1.0874,-0.4583,-0.2089,-0.0298,0.9553
TCGA-EK-A2RA-01,CESC,0.9644,0.7724,1.264,-0.9653,0.5164,0.2856,0.9577,0.8852,0.7559,0.8988,0.2922,-0.0913,0.1604,0.9844
TCGA-EK-A2RB-01,CESC,-0.3472,-1.0173,-0.374,-0.0564,-0.6079,-1.1447,-0.41,0.0026,-0.4722,-0.9845,-1.2427,-0.541,0.0833,-0.7333
TCGA-EK-A2RC-01,CESC,0.7468,0.4669,0.2775,0.2631,0.2557,-0.2409,0.4027,-0.0808,0.414,0.1481,-0.2611,-0.1633,0.4836,0.5177
TCGA-EK-A2RE-01,CESC,-2.7143,-1.7559,-0.8623,0.0774,0.47,-1.8579,-1.935,-2.7244,-1.7282,-2.2741,-0.4222,-0.9459,1.1032,-1.319
TCGA-EK-A2RJ-01,CESC,1.2398,0.9025,-0.8201,0.7455,-0.8133,0.3608,1.4115,1.0327,1.015,1.1143,2.4651,0.1658,0.5487,1.0524
TCGA-EK-A2RK-01,CESC,0.5496,1.2122,0.6747,-0.4963,-0.317,0.3062,0.3771,0.3072,0.4896,0.2945,-0.0998,-0.8057,-0.4982,0.8126
TCGA-EK-A2RL-01,CESC,-0.1453,-1.7455,-1.3454,-1.175,-0.1367,-0.1134,-1.7922,-1.3058,-1.2652,-1.4521,-1.6868,-1.843,-2.7704,-2.2089
TCGA-EK-A2RM-01,CESC,-1.4206,-0.5691,-0.6008,-0.7663,1.4545,-1.1565,-1.4308,-0.5075,-0.3987,-0.2772,-0.1399,0.8963,-1.3667,-1.0237
TCGA-EK-A2RN-01,CESC,0.0252,0.5718,0.9642,-0.329,-0.8244,-0.8646,-0.0008,0.4421,0.8775,0.8163,1.6274,1.7293,-0.9197,0.8305
TCGA-EK-A2RO-01,CESC,-1.0842,-1.1139,-0.6378,-0.6178,1.5974,-1.8579,-1.2614,-0.451,-0.525,-1.0111,-0.6373,0.372,0.0699,-0.4347
TCGA-EK-A3GJ-01,CESC,0.8467,0.497,-0.3387,0.5861,-0.6414,-1.646,0.9507,1.1016,0.9634,0.7962,1.1404,0.4615,0.2693,1.0191
TCGA-EK-A3GK-01,CESC,0.2061,-0.2433,-0.1002,-0.8069,-0.2126,-1.061,0.5843,-0.1266,0.0827,0.3415,-0.8504,-0.3767,-0.5544,-0.0572
TCGA-EK-A3GM-01,CESC,-1.8187,-1.8942,-1.7109,1.2209,-0.9873,-0.9546,-1.2084,-1.9543,-1.8883,-1.4916,-0.536,-2.0772,-2.7322,-1.8783
TCGA-EK-A3GN-01,CESC,-1.6493,-1.0064,-1.314,-1.5782,-1.057,0.3983,-2.2517,-1.3541,-1.6817,-2.2209,-1.0993,-1.8681,-1.195,-3.1949
TCGA-EX-A1H5-01,CESC,-0.5207,-0.5031,0.1065,-2.1701,-0.1886,0.6548,-0.5208,-0.6391,-1.3766,-0.6194,-0.5377,-2.4509,0.4025,-0.5476
TCGA-EX-A1H6-01,CESC,0.2535,-1.0233,-0.6727,0.6532,0.4365,-0.3795,-1.1077,-0.2605,-1.1974,0.0272,-1.7767,-0.0434,-1.4567,-0.8186
TCGA-EX-A3L1-01,CESC,-0.6195,0.0319,0.2516,-0.6872,-1.0922,-0.2129,-0.0296,-1.0691,-0.2833,-0.4361,0.5279,-0.2943,1.2901,0.1887
TCGA-EX-A69L-01,CESC,1.4416,1.2745,1.0563,0.721,-0.0399,1.2824,1.4385,1.108,1.4585,1.7303,0.5411,1.1519,0.4525,1.016
TCGA-EX-A69M-01,CESC,1.0222,0.842,0.3313,0.386,-0.9605,0.1884,0.909,0.5197,0.789,0.9376,0.1265,-0.6795,-1.3102,0.6009
TCGA-EX-A8YF-01,CESC,1.3817,0.6114,0.4146,-0.0282,-0.6044,1.2919,0.8494,0.6705,0.763,1.6535,0.1326,-0.6716,-1.1295,0.7695
TCGA-FU-A23K-01,CESC,0.3986,0.141,-1.0335,-0.3535,-0.1655,1.5963,0.8969,1.0476,0.2515,0.544,0.4784,1.9014,-1.0725,1.4004
TCGA-FU-A23L-01,CESC,1.2139,0.7968,0.8894,0.198,-0.0189,0.9117,0.9709,0.8102,0.6038,1.0007,0.2426,0.3671,-0.5376,1.1504
TCGA-FU-A2QG-01,CESC,-0.1596,-1.535,-1.064,-0.853,0.2337,-1.2165,0.4892,-0.0666,-0.6055,-0.352,0.2798,0.1519,0.6164,-0.4982
TCGA-FU-A3EO-01,CESC,-0.5089,-0.3136,-2.1741,0.6107,0.1672,0.2994,-0.5919,-0.538,0.0425,-0.1154,-2.0333,0.5044,-2.272,-0.1752
TCGA-FU-A3HY-01,CESC,-1.4964,-2.371,-1.4131,0.3639,-1.0702,-0.9358,-1.0456,-1.8933,-1.2935,-2.2519,-1.0322,-1.055,0.9633,-1.4935
TCGA-FU-A3HZ-01,CESC,0.4176,-0.5401,-0.2997,-0.1946,0.2579,-1.8579,0.0498,0.6089,0.4585,2.4706,-0.741,-0.4385,0.084,0.3593
TCGA-FU-A3NI-01,CESC,-0.2542,0.2636,0.1749,-0.0359,0.5548,-0.5807,-0.2429,-0.8069,-0.1673,-0.771,-1.1561,-0.8524,0.1422,-0.4285
TCGA-FU-A3TQ-01,CESC,-0.513,0.4014,0.8486,0.1217,-0.54,0.8625,0.194,-1.1278,-0.2795,-0.5544,0.9166,0.5107,0.1011,-0.057
TCGA-FU-A3TX-01,CESC,0.3799,0.2322,0.5448,-1.3465,-1.3776,-0.4225,0.0813,-0.363,-0.2908,0.1018,1.2146,-0.8934,-1.3791,-0.1944
TCGA-FU-A3WB-01,CESC,-0.3989,-1.0386,0.1147,-1.8875,-0.2955,-1.0369,-0.4948,-0.3533,-1.243,-1.0576,-0.3885,-0.3095,0.1148,-1.2055
TCGA-FU-A3YQ-01,CESC,0.6567,1.0468,1.2382,1.2939,0.0691,1.3737,0.8952,0.0109,0.6361,0.1586,0.1697,2.3615,0.7471,0.8119
TCGA-FU-A40J-01,CESC,0.8154,-0.4954,-0.4629,0.0149,0.2455,-0.8765,0.4335,0.0718,-0.1736,0.5242,-0.8613,1.4066,-1.2271,-0.181
TCGA-FU-A57G-01,CESC,-1.4055,-0.2143,-1.5435,-1.523,1.5168,-0.9725,-0.8515,-0.9997,-0.4784,-1.3101,-1.4657,1.1759,0.2169,-1.3379
TCGA-FU-A5XV-01,CESC,-0.1215,-0.3768,-0.3255,0.1034,-0.0212,-0.1404,0.0492,-0.5889,-0.3075,-0.1583,-0.0722,0.7761,1.5749,0.0309
TCGA-FU-A770-01,CESC,-0.7724,-1.064,-1.4617,0.5684,-0.2188,-1.3291,-0.491,-1.6331,-1.3511,-1.2979,-0.7516,0.4994,-1.1032,-1.1632
TCGA-GH-A9DA-01,CESC,0.2388,0.0038,1.1008,-0.8727,-1.0093,-0.9149,0.4214,0.1599,0.1956,0.0864,0.459,-0.0223,1.0178,0.7141
TCGA-HG-A2PA-01,CESC,0.7138,-0.3812,0.4838,1.0391,0.374,-0.3206,0.9414,0.0087,0.2793,0.6393,1.2954,0.3892,-0.2957,0.5531
TCGA-HM-A3JJ-01,CESC,0.0124,0.5776,0.7946,0.624,1.0702,0.3153,0.1953,0.1698,0.4719,0.1316,0.0168,1.1075,0.7024,0.302
TCGA-HM-A3JK-01,CESC,-0.0485,0.8751,0.6691,-0.0863,2.1716,0.3155,-0.0248,-0.3716,0.4327,-0.096,-0.9423,-0.9944,0.4225,0.2518
TCGA-HM-A4S6-01,CESC,0.9011,1.3287,0.3978,0.7862,0.9524,-1.1093,0.7018,0.6893,1.3469,1.333,2.0281,-1.0437,0.6063,0.2745
TCGA-HM-A6W2-01,CESC,-0.3993,0.4731,-0.2022,-0.295,1.0948,-0.1281,-0.6396,-0.5608,0.0398,-0.3339,-2.4653,0.2744,-0.6906,-0.4203
TCGA-IR-A3L7-01,CESC,-1.08,-1.5696,-0.246,-1.1217,1.369,-1.8579,-2.017,-1.0061,-1.3089,-1.8986,-0.8151,-1.939,-1.1028,-2.3339
TCGA-IR-A3LA-01,CESC,0.0049,0.0462,0.305,-0.8923,-0.6486,-0.2485,0.0281,-0.5935,-0.1862,-0.3395,-0.2545,-0.7619,-1.8305,-0.1009
TCGA-IR-A3LB-01,CESC,0.0048,-0.3469,0.1963,-0.2067,-0.0974,-1.4023,-0.4949,0.0831,-0.25,0.2058,0.0581,2.078,-1.1203,0.2223
TCGA-IR-A3LC-01,CESC,-1.4238,0.0699,-0.7722,0.5222,0.504,-1.0982,-0.7139,-1.3455,0.1727,-1.0729,-1.3303,0.1926,-1.3266,-1.0818
TCGA-IR-A3LF-01,CESC,0.5209,0.3599,0.0876,-0.7423,-0.499,0.7343,0.4827,-0.3052,-0.4494,0.4289,-0.4317,-1.4539,-0.549,-0.2102
TCGA-IR-A3LH-01,CESC,1.6559,2.4446,1.2923,1.6222,-0.0911,1.6122,1.5155,1.8919,2.1715,1.9031,0.6465,1.4207,0.4881,1.2526
TCGA-IR-A3LI-01,CESC,-1.9338,-1.8901,-1.1806,-1.722,-0.7898,-1.2839,-2.6334,-0.5349,-2.7121,-1.6031,-1.8501,-1.5895,-3.1008,-2.9445
TCGA-IR-A3LK-01,CESC,0.1975,0.4273,0.1254,-0.1444,-1.7,-0.0598,0.1895,0.667,0.6007,0.4619,0.1178,0.5735,0.2008,0.8492
TCGA-IR-A3LL-01,CESC,1.5766,1.6177,1.2854,1.188,-0.2088,-0.0687,1.0553,2.0884,1.6782,1.5149,0.7715,-0.0905,1.2477,1.4924
TCGA-JW-A5VG-01,CESC,0.1888,-0.1919,-0.3488,-0.7659,1.0242,-1.2859,0.3289,0.9833,0.6489,0.1674,0.2448,0.1168,0.8186,0.3924
TCGA-JW-A5VH-01,CESC,-0.712,-1.1191,-1.9775,-3.0327,0.393,-1.4248,-2.2921,-1.2108,-1.6948,-1.8701,-2.1678,-0.9568,0.1315,1.1158
TCGA-JW-A5VI-01,CESC,0.5502,0.1705,0.2561,-0.375,0.7805,0.395,0.1667,-0.2226,0.0669,0.0966,0.0192,0.4153,1.5411,0.167
TCGA-JW-A5VJ-01,CESC,-0.6316,-0.3232,-0.6757,0.4127,-0.419,0.7803,-0.6122,-0.3794,-0.2615,-0.311,-0.7511,-0.8438,-1.0657,-0.5442
TCGA-JW-A5VK-01,CESC,-1.9951,-1.1888,-0.4746,1.1312,-0.3039,-0.4077,-2.53,-1.5957,-1.0761,-0.6512,-1.1472,-1.0881,-0.6672,-1.0946
TCGA-JW-A5VL-01,CESC,0.4613,0.9714,0.2569,0.306,0.325,-0.9197,0.523,0.8958,0.8921,0.8716,1.2372,0.3622,1.0409,0.8502
TCGA-JW-A69B-01,CESC,-1.104,0.3706,0.5025,1.3505,0.7616,0.366,-0.7184,-0.7998,0.6819,-0.694,-0.5763,0.0284,0.2498,-0.2593
TCGA-JW-A852-01,CESC,-0.8832,-0.1588,-0.6629,0.3591,-0.9241,0.3321,-0.7084,0.4432,-0.35,0.1222,-0.8631,-0.7883,0.9433,0.5802
TCGA-JW-AAVH-01,CESC,-0.065,-1.3251,-0.4035,-0.8201,-0.0956,-1.0529,-0.3651,-0.5009,-1.4345,-0.5514,-0.4685,-1.2643,-0.3414,-0.8543
TCGA-JX-A3PZ-01,CESC,0.1873,1.1191,-0.2274,0.9314,0.4237,-0.6157,0.269,0.0147,0.6704,0.1807,-0.1202,0.132,1.3011,-0.0632
TCGA-JX-A3Q0-01,CESC,0.7841,0.768,0.6508,1.0399,-1.5102,0.3586,0.6519,0.9196,0.6832,1.1979,1.1772,0.5817,-0.365,0.8843
TCGA-JX-A3Q8-01,CESC,0.4478,-0.1105,0.2956,-0.2957,0.5103,-1.0291,0.6699,0.4868,0.4549,0.6801,-1.4175,0.3234,-0.8767,0.3896
TCGA-JX-A5QV-01,CESC,0.7049,0.0555,-0.2894,0.1879,-2.1352,0.0815,0.7467,0.2579,0.6922,0.2424,1.0877,-0.4064,-0.8868,0.9092
TCGA-LP-A4AU-01,CESC,0.5036,-0.6601,-0.7732,-0.5264,-0.1548,-0.1249,0.1149,0.005,-0.2952,-0.0249,1.6914,0.067,0.8092,0.0586
TCGA-LP-A4AV-01,CESC,0.2479,0.9819,-1.0537,0.8011,1.9145,1.2578,0.7946,1.9472,0.9664,1.1774,-0.5844,1.0192,0.9302,1.0918
TCGA-LP-A4AW-01,CESC,-0.5267,-0.4584,-0.556,-1.2159,3.3795,0.5749,-0.376,0.0598,-0.7355,-0.5933,-0.7911,0.8947,0.0832,-0.2759
TCGA-LP-A4AX-01,CESC,1.5392,0.9048,0.9218,0.4047,-0.4995,1.4897,1.1348,1.678,1.3649,1.585,0.557,1.3007,0.0484,0.8101
TCGA-LP-A5U2-01,CESC,0.6966,-0.6493,-0.7675,-1.1482,-1.2222,-1.1172,0.1524,0.4323,-0.0364,0.4068,0.7317,-1.0593,0.4611,-0.5642
TCGA-LP-A5U3-01,CESC,0.382,0.2977,-0.2315,0.4239,-0.005,-1.426,0.3046,0.1265,0.576,0.2566,1.3161,-0.6179,0.2439,-0.0989
TCGA-LP-A7HU-01,CESC,0.8751,0.6578,1.0629,0.0099,0.241,0.3012,1.0666,1.0712,0.5705,0.8494,-0.4619,0.4794,-0.5842,0.9336
TCGA-MA-AA3W-01,CESC,1.7613,1.3235,1.2463,0.3693,0.2724,1.4092,1.9057,1.475,1.3928,1.3051,0.9459,-0.0553,0.2731,1.4747
TCGA-MA-AA3X-01,CESC,-0.9739,0.9439,-0.4675,1.5958,-0.648,-0.9323,-0.9874,-0.043,1.5703,-0.982,-0.2189,0.9809,0.2201,-0.8229
TCGA-MA-AA3Y-01,CESC,1.0518,0.6081,0.9993,0.3947,-0.1904,1.2501,0.6807,1.1212,0.7185,0.5434,1.6107,0.8157,1.0483,1.0707
TCGA-MA-AA3Z-01,CESC,1.2828,0.1028,-0.0369,-0.5401,-0.3611,-0.9424,0.8593,0.6739,0.4448,0.5801,0.6352,-0.7624,0.8877,0.2853
TCGA-MA-AA41-01,CESC,0.1468,-0.4157,-0.145,0.3433,-0.9926,-0.7302,-0.0541,0.2478,-0.268,-0.9625,-0.9961,-0.6388,0.9865,-0.4993
TCGA-MA-AA42-01,CESC,2.1506,1.6777,2.0015,1.6444,-0.2317,2.2594,1.7265,2.2988,1.924,1.9315,1.257,2.0603,0.7655,1.9816
TCGA-MA-AA43-01,CESC,-2.0177,-0.4961,-0.6137,-0.8916,-1.4759,-0.0485,-1.8226,-0.8955,-0.8365,-1.2898,0.5238,1.4214,1.5289,-0.5388
TCGA-MU-A51Y-01,CESC,1.0927,1.2831,0.819,1.3236,0.6579,0.8209,0.9303,0.0882,1.1879,1.0172,0.67,0.1725,0.3897,0.8052
TCGA-MU-A5YI-01,CESC,-0.1916,0.6009,0.6784,-0.5712,2.2227,-0.1964,0.4274,-0.495,0.2536,-0.1943,-0.6228,-1.0437,0.4159,0.4293
TCGA-MU-A8JM-01,CESC,-0.1868,0.2929,0.7481,1.0735,0.3452,0.0952,0.4272,0.2614,0.4188,-0.0455,0.4365,1.4059,1.4959,1.0501
TCGA-MY-A5BD-01,CESC,-0.333,-0.4945,-1.4414,-2.2977,-1.1515,-1.3684,-0.2771,-0.7082,-0.4493,-0.3893,-1.4511,-1.437,-0.2131,-0.3326
TCGA-MY-A5BE-01,CESC,2.5853,2.0629,1.6721,1.3415,0.2565,2.9185,2.3175,2.4665,2.131,2.355,0.5242,2.0197,0.9091,2.1729
TCGA-MY-A5BF-01,CESC,1.2723,0.4939,-0.7121,0.2896,-0.9334,-0.0804,0.7879,0.5364,1.1338,1.0571,1.7683,-1.1842,1.1823,0.6435
TCGA-MY-A913-01,CESC,0.5242,0.1124,1.2056,0.269,-0.8053,0.8272,0.6382,0.7961,0.5597,0.4251,1.2132,0.8809,0.398,1.1323
TCGA-PN-A8MA-01,CESC,0.7333,0.0934,1.0671,-0.9998,2.2073,1.1623,0.4182,0.4837,0.1827,0.7054,2.2807,-0.1863,0.0038,0.2814
TCGA-Q1-A5R1-01,CESC,-0.0755,-0.2674,-0.9097,0.6688,-0.0452,0.7461,-0.0476,-0.609,-0.3282,-0.35,-1.2493,0.295,-1.016,0.1041
TCGA-Q1-A5R2-01,CESC,0.5857,0.8121,-0.3493,1.161,-0.2277,0.7713,0.5002,1.2523,1.2707,1.1216,0.813,-0.1688,0.6094,0.4035
TCGA-Q1-A5R3-01,CESC,0.1285,-0.1137,-2.9041,0.9092,1.0755,0.8504,0.2578,0.9282,0.5501,0.497,-0.6929,0.555,0.4778,1.3389
TCGA-Q1-A6DT-01,CESC,-1.1691,-0.6921,-1.5533,-0.4968,-2.2201,0.203,-1.0546,-0.7067,-0.6124,-0.5251,-0.7222,-0.2065,0.0232,-0.809
TCGA-Q1-A6DV-01,CESC,0.0093,-0.4373,-0.8219,-2.4072,-0.0193,0.3604,-0.5154,-0.4332,-0.7361,-0.9121,-1.0567,0.279,0.0674,-0.4863
TCGA-Q1-A6DW-01,CESC,-1.0135,-0.0985,-0.5327,0.5567,0.8511,-0.9559,-0.2799,-1.004,-0.0292,-0.6743,-0.618,-0.6831,-0.7736,-0.261
TCGA-Q1-A73O-01,CESC,0.5962,-0.2209,0.1343,0.2929,0.0446,-0.1254,0.7834,0.6745,0.2609,0.6165,1.6699,0.7665,1.1383,0.4198
TCGA-Q1-A73P-01,CESC,0.7679,0.2486,-0.3456,1.4871,-1.5382,0.279,0.5988,0.0051,0.3267,0.5185,-0.6247,-1.1936,-1.7676,0.658
TCGA-Q1-A73Q-01,CESC,-1.0541,-0.5256,-0.815,-0.8686,-0.6497,0.0851,-0.6892,-1.396,-0.9721,-1.0346,0.4231,0.6388,-0.8563,-0.1874
TCGA-Q1-A73R-01,CESC,-0.4807,-0.9705,-0.0512,-2.2943,0.3938,-1.6778,-0.2398,-0.1432,-0.7212,-0.1342,-0.5085,-1.5389,1.4943,-0.3356
TCGA-Q1-A73S-01,CESC,-1.4652,-0.8287,-1.3439,-0.7437,0.6194,-1.8579,-2.2864,-2.0159,-0.5741,-1.4859,-1.7785,-0.9953,-1.7753,-1.9875
TCGA-R2-A69V-01,CESC,1.9239,1.9331,1.3507,1.9949,0.5454,2.0936,1.6137,1.7249,2.3693,1.7822,0.6515,1.1943,1.0149,2.0735
TCGA-RA-A741-01,CESC,0.7226,0.7319,0.1469,-0.0861,0.0592,0.4338,0.5067,0.773,0.7101,0.7645,-0.6463,0.4661,0.3425,0.4601
TCGA-UC-A7PD-01,CESC,-0.6726,-1.2142,0.1361,-0.2115,-1.0669,-0.1243,-0.7155,-0.1967,-1.1621,-0.6224,0.7428,-0.9466,1.5123,-0.2617
TCGA-UC-A7PF-01,CESC,1.3466,1.3374,0.7345,1.3803,0.3658,1.0938,1.1678,0.9585,1.2422,0.8941,2.7185,0.0516,0.408,1.1259
TCGA-UC-A7PG-01,CESC,-0.2065,-0.3013,-0.4217,0.0054,-0.2349,-0.1549,-0.2486,-0.7292,-0.3368,-0.5019,0.4155,-0.1818,-0.1856,-0.3542
TCGA-UC-A7PI-01,CESC,-0.4982,-0.8682,-1.233,-0.5348,-0.6609,-1.2951,-0.7896,-1.1774,-0.715,-0.6156,-0.9671,-1.4856,-2.5382,-0.4232
TCGA-VS-A8EB-01,CESC,-0.0914,-0.0634,-0.5958,0.1538,0.8816,-1.2524,-0.2053,0.0305,0.295,-0.5906,-0.5086,-0.1138,1.6644,-0.2393
TCGA-VS-A8EC-01,CESC,-0.4742,-2.5264,-1.3664,-0.4112,1.1139,-1.5987,-2.1877,-1.9556,-2.0984,-2.1592,-1.773,-2.2751,0.4046,-1.8303
TCGA-VS-A8EG-01,CESC,-0.3345,-0.3617,-0.0011,0.6606,-0.401,-0.5804,-0.79,-0.871,-1.1365,-0.5476,0.3654,-2.0619,-0.1522,-0.5998
TCGA-VS-A8EH-01,CESC,-2.1803,-0.3964,-0.8367,0.0903,0.1035,-1.8579,-0.5331,-1.849,-0.3258,-1.6254,-1.3637,-1.0227,0.1795,-1.261
TCGA-VS-A8EI-01,CESC,0.8457,0.0928,0.4702,0.4866,-0.9481,0.857,0.6246,0.6355,0.1433,0.8249,0.0027,-0.0545,0.7815,0.362
TCGA-VS-A8EJ-01,CESC,-0.519,-0.3209,-0.5012,-1.2851,0.8935,0.0636,-0.4285,-0.1266,-0.6552,0.0821,-1.6886,0.9527,-2.0251,-0.4816
TCGA-VS-A8EL-01,CESC,1.0115,1.0732,0.5977,2.0469,-0.7271,0.1995,1.0797,1.8011,1.6205,1.552,1.0983,1.241,1.3657,0.7832
TCGA-VS-A8Q8-01,CESC,0.9842,0.7697,0.2301,1.1064,-1.1248,-0.4116,0.7568,1.0712,0.675,1.1007,1.1327,0.9852,0.046,0.3809
TCGA-VS-A8Q9-01,CESC,0.2574,0.8753,0.2669,-0.0592,-1.5083,-0.5599,-0.2194,-0.512,-0.4027,-0.1499,-0.2849,-1.1773,-1.7095,-0.6605
TCGA-VS-A8QA-01,CESC,0.4218,-0.2517,-0.4136,-2.4125,-0.558,-0.8857,0.3139,0.6242,-0.6941,0.1387,-0.5524,-1.7413,-1.2239,-0.7741
TCGA-VS-A8QC-01,CESC,-0.6437,-0.312,-0.3588,-0.2626,0.8099,-0.0547,-0.2131,-0.6054,-0.2043,-0.8654,-0.3293,-0.53,0.3704,-1.0345
TCGA-VS-A8QF-01,CESC,-0.091,0.6957,0.6654,0.2724,0.0539,0.8022,0.0738,-0.1759,0.6632,-0.0622,-1.0469,0.3475,-0.561,0.2704
TCGA-VS-A8QH-01,CESC,-2.2415,-1.5408,-1.1441,-0.2076,0.4137,-1.5343,-1.5388,-2.0128,-1.3176,-1.5168,-1.219,-0.9232,-1.7719,-1.4628
TCGA-VS-A8QM-01,CESC,1.407,1.1778,1.4161,-0.0369,0.8708,1.9571,1.3114,0.3277,0.0861,1.3222,-0.137,0.5388,0.4992,0.977
TCGA-VS-A94W-01,CESC,0.9732,1.4466,2.1625,0.3893,-0.9248,1.0496,1.2183,1.1903,1.0823,1.1563,2.0277,0.5756,0.4681,1.7641
TCGA-VS-A94X-01,CESC,-0.4704,-0.3334,0.8481,0.055,-0.5685,-0.7251,0.2241,0.2081,-0.3368,0.1482,0.2174,0.0689,-0.332,0.7632
TCGA-VS-A94Y-01,CESC,-0.8232,0.6534,-1.201,0.3145,0.3243,-1.8579,-0.4046,-0.8992,-0.6739,-1.4507,0.6874,1.081,1.3254,-0.7397
TCGA-VS-A94Z-01,CESC,1.9426,1.3963,1.13,1.366,-0.3098,1.234,2.0508,2.1752,1.9138,1.9376,0.3731,1.243,1.067,1.6069
TCGA-VS-A950-01,CESC,-1.0747,-0.6212,-0.2168,-0.051,0.4319,0.8942,-1.0656,-0.831,-0.7834,-0.7136,0.3139,-0.0931,0.8512,-0.4992
TCGA-VS-A952-01,CESC,-1.0448,-0.8285,-0.7578,0.7166,-1.0002,0.2752,-1.0469,0.3344,-1.726,-1.1801,-1.2871,-1.1515,-2.3306,-1.6632
TCGA-VS-A953-01,CESC,0.2196,-1.1281,-1.2783,0.4838,-0.6423,-1.8579,-0.1264,0.2068,-0.0338,0.3012,0.6008,-0.8051,0.8087,-0.6683
TCGA-VS-A954-01,CESC,-0.0273,-0.0669,1.0171,-0.8155,-0.084,-0.2752,-0.2044,0.3189,0.1817,-0.244,-1.5693,-1.6751,0.1588,0.0589
TCGA-VS-A957-01,CESC,-0.6964,-0.7025,-0.277,-0.7048,-0.8099,-1.3629,-0.6849,-1.2005,-0.8553,-0.7032,0.3019,-1.169,-2.6602,-0.8579
TCGA-VS-A958-01,CESC,1.7775,1.0888,0.4851,0.9082,0.2999,0.5996,1.3014,1.6646,1.6457,1.1062,1.0369,0.9706,0.406,1.2524
TCGA-VS-A959-01,CESC,0.3108,0.6265,0.5984,-0.3138,-0.1408,1.6524,0.3883,0.0363,0.2073,0.6743,-0.0878,1.2378,-0.9973,0.0211
TCGA-VS-A9U5-01,CESC,0.8263,0.5117,0.6883,-0.0641,-1.2349,1.6661,0.8074,0.2694,0.2193,0.6652,-0.0584,-0.4118,0.2557,0.5963
TCGA-VS-A9U6-01,CESC,0.2249,0.7022,-0.0879,0.2625,-0.3297,0.1422,0.1433,0.499,0.522,0.8112,-0.625,0.5485,0.1072,0.0353
TCGA-VS-A9U7-01,CESC,0.7551,0.9552,0.5209,0.6657,-0.4799,0.6094,0.4077,0.9472,1.0479,0.8,2.8374,0.6872,0.0812,0.7351
TCGA-VS-A9UB-01,CESC,1.2869,1.404,0.7674,0.6758,-0.1692,-0.322,1.5175,1.6483,1.4149,0.8983,1.2909,1.0557,0.6126,0.9171
TCGA-VS-A9UC-01,CESC,0.6482,0.552,-0.218,-0.4271,0.8193,-0.8726,0.4127,0.3872,0.3854,0.5621,0.9215,1.6845,-0.8477,-0.4723
TCGA-VS-A9UD-01,CESC,1.4704,1.3991,0.9147,1.7876,-1.186,0.4399,1.2404,2.1321,1.7331,1.5203,-0.2664,1.3764,0.4391,1.7771
TCGA-VS-A9UH-01,CESC,1.3872,1.4657,1.476,1.5818,0.2242,1.0736,1.266,2.3988,1.8219,1.8613,1.1372,1.9406,1.1964,1.4405
TCGA-VS-A9UI-01,CESC,0.4874,0.37,0.9427,0.4152,0.845,0.4463,0.7565,0.3924,0.2674,0.7281,1.2853,0.9706,-0.5477,0.2042
TCGA-VS-A9UJ-01,CESC,-2.5876,-1.8832,-1.6133,-2.4324,-0.1328,-1.8579,-2.7941,-1.4586,-2.4486,-2.3607,-1.941,-0.3402,0.1064,-2.5454
TCGA-VS-A9UL-01,CESC,-0.8483,-2.0475,-0.8472,-2.6094,2.7354,-0.8289,-2.0024,-0.5157,-2.1103,-0.819,-0.8889,-2.1816,-1.4588,-2.3862
TCGA-VS-A9UM-01,CESC,0.4334,0.8866,0.6121,1.1969,0.881,1.006,0.5501,0.33,0.6313,0.3864,0.5397,1.4891,0.3775,0.3696
TCGA-VS-A9UO-01,CESC,-0.5488,-3.0607,-0.9474,-0.5281,-1.1033,-1.295,-0.5811,-0.4035,-1.6,-0.6557,-0.3167,-2.687,-3.0149,-1.9114
TCGA-VS-A9UP-01,CESC,-0.739,-2.1552,0.2524,-2.5214,2.2571,-0.3861,-1.8082,-1.03,-2.0739,-0.2316,-2.3879,-1.3519,0.5864,-1.843
TCGA-VS-A9UQ-01,CESC,-0.0549,-0.43,-0.1882,-0.2797,0.6526,-0.5362,-0.6675,-0.8442,-1.1059,-0.4863,-0.4667,-0.7693,-0.9555,-1.1257
TCGA-VS-A9UR-01,CESC,-0.5694,-0.8245,-0.8822,-3.0224,0.3072,-0.9158,0.0311,-0.8263,-1.3137,-0.5345,-0.5464,-0.7129,-1.9769,-0.9556
TCGA-VS-A9UT-01,CESC,1.7462,1.9488,0.3005,2.1974,2.5864,1.8974,1.3819,1.7328,1.7564,2.1765,1.0396,2.498,0.5196,1.0843
TCGA-VS-A9UU-01,CESC,-0.7521,-1.7677,-0.2665,-0.0669,-0.7689,0.7198,-0.6488,-0.1626,-1.7665,-0.7303,-0.2847,-0.6699,0.2588,-0.5345
TCGA-VS-A9UV-01,CESC,-1.1001,-0.7955,-0.7681,-0.2919,-1.1255,0.6218,-1.0838,-1.2123,-1.052,-1.1679,0.0276,-1.1531,0.6069,-0.8367
TCGA-VS-A9UY-01,CESC,0.0178,0.2427,0.0884,0.3451,-0.2456,-0.23,-0.1319,0.0003,0.5319,-0.3093,1.4127,0.8678,0.4375,-0.2977
TCGA-VS-A9UZ-01,CESC,-0.4444,0.1407,0.0546,-0.5847,0.5757,1.1994,0.1848,-0.275,-0.6198,0.1695,-0.4746,-0.4095,-1.2478,-0.4112
TCGA-VS-A9V0-01,CESC,-1.1744,-0.9599,-2.2134,-2.8875,-0.4028,-0.6757,-1.7145,-1.5363,-1.5234,-2.0694,-1.8809,-1.1474,-0.7375,-1.3216
TCGA-VS-A9V1-01,CESC,-1.1807,-1.8943,-2.3539,-0.2379,-0.5386,-0.6159,-0.919,-0.9539,-1.7081,-0.7505,-0.7148,-0.457,-1.8027,-2.0082
TCGA-VS-A9V2-01,CESC,0.5853,0.8466,-0.0988,-0.4103,0.0512,1.0839,0.6084,0.1896,0.5421,0.4186,0.7982,-0.2831,-0.8072,0.5913
TCGA-VS-A9V3-01,CESC,0.2573,0.5922,0.8066,0.8281,-0.3421,0.6522,0.459,0.3541,0.3641,0.3575,2.3697,0.312,-0.123,0.2166
TCGA-VS-A9V4-01,CESC,-1.2718,-1.2132,-1.8455,0.0542,-2.5062,-1.3922,-1.5105,-2.4148,-2.1993,-0.3424,-1.0532,-1.4938,-1.6445,-1.2807
TCGA-VS-A9V5-01,CESC,-1.1234,-1.0271,-0.613,1.1076,-0.2328,0.4212,-1.2802,-1.8379,-1.2565,-1.1837,-0.4543,-0.2845,-1.7284,-1.885
TCGA-VS-AA62-01,CESC,1.4206,1.1945,1.2765,0.7103,-0.4299,0.9385,1.4736,0.9002,1.2832,1.0753,1.5415,1.3441,0.7547,1.0308
TCGA-WL-A834-01,CESC,-0.8612,-0.4731,-0.0846,-0.5862,-0.5866,-0.7425,-0.7278,-1.0916,-0.5367,-0.8706,-0.7867,-1.2505,-0.1938,-0.4045
TCGA-XS-A8TJ-01,CESC,0.1757,0.3279,0.012,0.27,-0.1591,0.2864,-0.2075,-0.253,0.2671,0.4663,0.2188,-0.2203,-0.0386,0.3475
TCGA-ZJ-A8QO-01,CESC,0.771,0.9267,1.9218,-0.551,0.4823,1.1849,0.8739,0.7084,0.4513,0.905,1.1458,0.8733,0.3657,1.4416
TCGA-ZJ-A8QQ-01,CESC,-1.198,-0.8003,-0.4518,-0.4342,-1.0552,-0.7289,-0.7789,-0.6277,-0.4797,-0.9324,0.2734,0.0984,1.9332,-0.4388
TCGA-ZJ-A8QR-01,CESC,-0.907,-1.0346,-0.5321,0.9926,-0.5991,-0.3531,-1.2785,-1.0934,-0.7584,-2.1135,0.0667,-0.6495,1.289,-1.0641
TCGA-ZJ-AAX4-01,CESC,0.4345,1.4418,1.2552,1.4525,-0.3618,0.9985,0.5617,0.4874,1.3447,0.7175,-0.4538,0.6094,-0.1663,0.1928
TCGA-ZJ-AAX8-01,CESC,0.8872,0.6703,1.6342,0.4821,0.7906,0.5431,1.1755,0.5855,0.4683,0.4828,0.828,0.8652,1.373,0.8999
TCGA-ZJ-AAXA-01,CESC,-1.9105,-0.3003,-0.3648,0.0796,-0.3014,-1.5179,-1.4029,-1.9,-0.3518,-1.4927,-1.74,-1.3485,0.3107,-1.4593
TCGA-ZJ-AAXB-01,CESC,-2.4843,-1.3852,-2.5123,-1.8261,0.9253,-1.8579,-1.5183,-0.9989,-1.1863,-1.4547,0.6706,2.3087,-1.8991,-0.9776
TCGA-ZJ-AAXD-01,CESC,-0.2059,-0.8292,-0.7247,-0.5079,0.9385,0.2964,-0.269,-0.6227,-1.0015,-1.6309,-0.3091,-0.0853,0.0963,-0.9586
TCGA-ZJ-AAXF-01,CESC,0.2069,0.7668,1.3227,-0.1194,0.0415,2.0637,1.0347,0.305,0.1243,0.5995,-0.0474,0.0164,0.5121,0.8124
TCGA-ZJ-AAXI-01,CESC,-0.5184,-0.4717,-0.5418,-1.8803,0.5175,-1.2037,-0.5357,-0.7386,-0.4375,-0.8617,0.5367,-1.6661,-1.0339,-0.8645
TCGA-ZJ-AAXJ-01,CESC,-0.2565,-0.9457,-0.8124,-0.0774,-0.4612,0.6158,-0.1399,-0.3541,-0.4334,-0.2211,0.5429,-1.0969,-0.8938,1.0626
TCGA-ZJ-AAXN-01,CESC,0.1198,-0.4442,0.5283,0.1482,1.5775,-1.5414,0.6054,-0.1515,0.1129,-0.3095,0.4353,0.7697,1.1404,0.4356
TCGA-ZJ-AAXT-01,CESC,-0.0983,-0.6974,0.5628,0.5355,-0.9896,-0.3087,-0.2483,0.5346,-0.19,0.3101,-0.0808,0.1476,0.9075,-0.011
TCGA-ZJ-AAXU-01,CESC,0.8588,0.0358,0.6848,0.2957,-0.9329,2.1407,1.1008,0.9115,0.2681,0.9479,-0.7568,0.7137,1.1968,0.8551
TCGA-ZJ-AB0H-01,CESC,0.793,1.1505,1.334,1.1413,-0.3696,1.3674,0.9448,0.43,1.1739,0.705,1.3369,0.0198,0.5219,0.98
TCGA-ZJ-AB0I-01,CESC,-0.0972,-0.6029,-1.2082,0.1449,-0.4586,-1.8579,0.0608,0.2787,-0.2173,0.0316,0.3106,-0.2201,0.9894,-1.0139
TCGA-ZX-AA5X-01,CESC,-0.1581,0.966,0.6382,0.4262,0.9958,0.4094,0.1894,0.1536,0.457,-0.2343,-0.438,0.3868,1.3457,0.1753
