sample,sample_type,CD8A,CD4,FOXP3,CD68,NCAM1,CD19,TIGIT,LAG3,HAVCR2,PDCD1,CD274,IL10,TGFB1,CTLA4,RPPA_PDL1,RPPA_PDCD1,RPPA_CTLA4,RPPA_STAT3_pY705,has_rppa
TCGA-YD-A89C-06,Metastatic,3.8517,7.9722,4.1316,9.5870,11.5915,0.9006,4.1623,4.6596,5.2907,2.9883,0.5195,2.2931,8.8685,3.5652,-0.46171,NA,NA,0.11316,1
TCGA-Z2-AA3V-06,Metastatic,9.4872,13.3874,9.1945,15.0797,5.4212,7.1389,8.4760,11.5399,9.6286,9.7108,5.2583,5.1022,12.4752,7.9400,0.16667,NA,NA,-0.22617,1
TCGA-EB-A3Y6-01,Primary Tumor,7.7282,9.3187,4.9292,11.0707,2.8496,1.0831,5.7732,6.5636,7.5387,5.5503,4.7602,3.4682,8.6234,5.0473,-0.18734,NA,NA,0.85042,1
TCGA-EE-A3JA-06,Metastatic,9.4132,10.7254,4.3383,11.0179,10.5371,3.9188,7.2888,6.3900,8.9902,4.3767,5.3077,3.3808,7.9525,5.6962,0.17622,NA,NA,-0.64992,1
TCGA-D9-A4Z2-01,Primary Tumor,4.9055,9.1192,4.5548,10.3377,3.9055,0.0000,4.0861,3.5012,5.9759,2.3208,3.2211,1.7360,9.6096,3.1686,-0.23036,NA,NA,0.33943,1
TCGA-D3-A51G-06,Metastatic,8.7649,9.5495,4.1727,10.7999,2.9120,0.0000,7.0823,8.3288,8.1780,6.7688,4.7797,2.7658,10.7699,5.7238,NA,NA,NA,NA,0
TCGA-3N-A9WD-06,Metastatic,9.0673,10.1212,6.7512,10.7273,5.3475,8.1782,7.6713,7.9654,7.9197,6.7749,5.1310,3.5408,10.6448,5.8514,-0.014391,NA,NA,-0.18481,1
TCGA-GF-A2C7-01,Primary Tumor,3.3910,8.2483,3.3522,10.2986,1.8200,0.0000,2.2619,2.1635,5.7504,1.1798,3.3469,2.7430,10.0967,2.7430,-0.22119,NA,NA,1.0666,1
TCGA-WE-A8ZY-06,Metastatic,6.0579,8.7555,3.6930,12.5542,3.5037,3.4576,4.5081,5.5548,7.0702,4.0611,5.3429,6.6914,8.1232,5.8945,-0.027972,NA,NA,-0.28521,1
TCGA-D3-A8GI-06,Metastatic,4.3026,9.6809,3.1816,13.3150,6.9450,0.9200,2.1916,3.8461,7.2874,3.5490,2.4490,6.6182,11.7395,9.8907,NA,NA,NA,NA,0
TCGA-FR-A7U8-06,Metastatic,4.8729,8.5349,2.6997,11.7434,9.1661,0.0000,4.2384,4.7977,7.3563,3.4503,2.3139,2.1621,10.3209,2.8982,NA,NA,NA,NA,0
TCGA-D3-A51K-06,Metastatic,8.4982,11.1917,5.4824,12.0549,10.1661,7.2708,6.7920,10.8785,7.8934,8.4379,2.0410,2.5041,9.4359,5.2026,0.31464,NA,NA,-0.097014,1
TCGA-BF-A3DJ-01,Primary Tumor,7.2735,10.5393,5.4334,13.8046,6.0474,0.0000,5.3200,6.2040,8.4274,4.6707,5.5390,4.6312,10.3794,4.5054,0.0095061,NA,NA,1.1256,1
TCGA-BF-A3DL-01,Primary Tumor,5.5415,9.4078,3.1546,12.1875,5.2572,0.0000,2.6760,5.3812,6.1008,2.7826,3.4972,2.5609,9.8095,8.8568,-0.36068,NA,NA,0.13037,1
TCGA-EB-A44N-01,Primary Tumor,7.6899,10.1796,6.8431,10.2197,4.1165,6.6887,7.0545,5.9745,6.8361,6.1269,4.6059,3.5246,10.2034,5.6945,-0.024183,NA,NA,0.117,1
TCGA-EB-A6L9-06,Metastatic,10.0504,11.9935,8.8483,11.9165,6.0066,9.9452,8.6912,9.4916,8.5673,8.1105,5.5046,3.8775,11.2875,6.3700,0.090798,NA,NA,-0.36232,1
TCGA-GN-A26C-01,Primary Tumor,11.1121,12.3327,6.6154,13.0756,4.9411,7.0631,8.6249,10.6160,10.0514,8.6372,9.3757,4.3156,11.6695,6.2474,1.1782,NA,NA,-0.54415,1
TCGA-EE-A29N-06,Metastatic,8.9763,11.0303,8.4377,12.8711,4.8694,8.1420,8.1698,7.9823,8.8127,6.6351,6.6231,3.9567,11.0961,7.1147,-0.046118,NA,NA,0.43568,1
TCGA-EE-A3J4-06,Metastatic,6.8427,9.3798,5.4717,10.9529,1.4402,0.7531,5.4314,6.5044,7.8299,4.5826,5.4314,2.2539,8.6398,4.6432,NA,NA,NA,NA,0
TCGA-D3-A51F-06,Metastatic,13.1537,12.8057,7.1936,13.8572,8.1693,6.1804,10.6797,12.1354,11.6527,10.9777,6.8757,5.1838,11.8849,8.8907,0.48525,NA,NA,-0.073219,1
TCGA-EE-A29X-06,Metastatic,8.3788,11.0418,7.1706,13.2914,3.4522,5.6112,6.4702,8.3317,8.8874,6.8797,6.4822,5.7461,10.1173,7.2410,NA,NA,NA,NA,0
TCGA-EE-A2GM-06,Metastatic,7.6285,8.9324,4.8716,14.1463,10.4914,0.0000,5.5385,7.1319,6.9059,5.6882,4.2751,2.6051,8.5122,5.6070,NA,NA,NA,NA,0
TCGA-BF-AAP7-01,Primary Tumor,10.5911,11.5292,6.8923,13.0022,10.8518,3.9053,8.5439,10.9401,9.7922,8.8195,4.7172,4.6802,10.5268,6.9564,0.49772,NA,NA,0.066886,1
TCGA-ER-A2NH-06,Metastatic,12.2140,12.3166,6.7021,13.4367,10.2382,4.4775,10.1356,11.8731,10.7483,10.0051,7.2884,4.7004,11.1254,9.5080,0.53603,NA,NA,0.17648,1
TCGA-EE-A3JH-06,Metastatic,11.4452,12.9060,8.9888,14.2994,5.8593,9.1438,9.7968,10.6613,10.6014,9.5280,7.2120,5.7719,11.7244,8.2540,0.48065,NA,NA,0.46388,1
TCGA-DA-A1I7-06,Metastatic,7.5625,9.7000,5.3919,12.0340,9.7489,1.2434,5.6107,7.1860,8.0826,5.3455,3.4023,5.5276,12.2109,9.2581,NA,NA,NA,NA,0
TCGA-EE-A2GT-06,Metastatic,8.1853,12.1285,8.4563,12.5677,5.1079,9.2909,8.0959,6.9980,8.5135,7.6136,3.6060,3.7167,11.9609,5.4191,-0.285,NA,NA,-0.52111,1
TCGA-BF-AAP4-01,Primary Tumor,10.3134,9.9265,6.4456,12.2305,5.6679,2.2282,8.0748,9.8460,9.0842,8.2788,5.8458,4.7441,10.1747,7.4549,0.65731,NA,NA,-0.062276,1
TCGA-EE-A3AB-06,Metastatic,7.5713,12.0938,5.8486,13.5242,2.5763,3.0304,6.2057,6.4160,9.7469,5.5814,3.5887,6.0701,11.6995,8.3820,-0.66996,NA,NA,-0.073464,1
TCGA-FS-A1ZB-06,Metastatic,6.3384,11.3647,6.5375,13.5547,4.1532,1.5189,5.5264,5.3285,9.4545,4.4486,4.0486,5.4256,10.9499,5.0321,NA,NA,NA,NA,0
TCGA-EE-A2GK-06,Metastatic,10.4696,12.8581,9.0186,12.2568,6.8215,12.1749,9.7253,7.7368,8.9296,9.0547,5.0926,5.1627,12.2035,8.5164,-0.067606,NA,NA,0.10888,1
TCGA-D3-A1Q5-06,Metastatic,7.6706,7.4990,4.0548,9.3850,10.7519,1.4400,3.2580,4.8853,5.3767,3.0746,2.3213,0.6518,10.5399,9.3336,-0.59187,NA,NA,0.31671,1
TCGA-EE-A29W-06,Metastatic,6.2850,9.3240,2.2131,10.2021,12.5341,0.0000,4.3522,3.4212,6.7235,2.5936,0.7819,3.3209,9.2286,7.2924,0.10666,NA,NA,0.016189,1
TCGA-D3-A3C7-06,Metastatic,9.4449,11.4390,5.5808,12.8451,11.1674,4.0553,6.9773,9.1661,9.7524,7.5777,3.1046,5.1378,12.2727,10.1392,NA,NA,NA,NA,0
TCGA-EE-A29M-06,Metastatic,9.2102,9.9340,7.0975,11.2486,4.6520,6.9552,7.9534,8.6796,8.1440,6.4987,6.2181,4.6520,8.8034,7.7428,0.017557,NA,NA,-0.10306,1
TCGA-BF-A5ES-01,Primary Tumor,6.8511,9.9830,6.8611,12.9922,2.3352,1.9598,5.9605,6.0387,8.0253,5.1336,4.3273,2.4917,10.6153,4.9298,-0.20014,NA,NA,0.17778,1
TCGA-EE-A20C-06,Metastatic,3.1070,7.9349,4.0006,9.7663,10.9254,0.0000,1.8675,1.4090,6.6440,1.7303,4.9449,1.8675,7.0239,4.5351,0.12355,NA,NA,0.17603,1
TCGA-FR-A729-06,Metastatic,10.8241,11.7781,7.4572,12.6864,8.4757,8.0819,9.1700,10.7705,9.3128,9.0149,6.0956,5.5124,10.5379,7.1990,0.39434,NA,NA,0.093338,1
TCGA-D9-A6EA-06,Metastatic,5.0004,8.2552,4.6309,10.0832,11.1081,3.8736,3.5939,5.8905,6.5996,3.3545,3.9787,3.4057,11.1387,5.5814,-0.067421,NA,NA,-0.19882,1
TCGA-EE-A20I-06,Metastatic,8.1593,9.4000,5.8793,11.4954,2.8212,2.0121,6.3590,7.5523,7.7278,5.8533,5.8533,3.4131,9.6542,4.9312,NA,NA,NA,NA,0
TCGA-IH-A3EA-01,Primary Tumor,5.3209,9.8413,5.0706,13.1729,0.9995,0.0000,3.5840,5.7803,7.6784,4.5839,4.5839,3.1690,10.4898,4.0864,0.21838,NA,NA,-0.3034,1
TCGA-XV-AAZW-01,Primary Tumor,4.2178,7.7451,4.1118,9.9587,9.7052,0.0000,2.7801,4.7885,5.8551,3.3261,3.1900,3.1168,10.2164,2.5768,-0.29968,NA,NA,0.47565,1
TCGA-D3-A8GB-06,Metastatic,10.6281,10.9533,7.5302,11.6590,5.2257,8.8546,8.9961,9.8336,9.4782,9.1220,4.8611,3.9628,10.6783,8.1462,0.14292,NA,NA,-0.6235,1
TCGA-BF-A1PV-01,Primary Tumor,3.3170,7.4605,2.9945,10.4774,3.6617,0.3773,2.3741,2.8027,5.7994,2.6735,2.6735,0.6760,10.3659,2.3741,NA,NA,NA,NA,0
TCGA-GF-A3OT-06,Metastatic,8.4838,10.0940,4.9893,12.1303,2.6573,0.9967,6.5117,7.3001,8.6810,5.5582,9.6763,4.5379,12.2358,6.1832,1.3489,NA,NA,0.1066,1
TCGA-EE-A2M6-06,Metastatic,7.1589,11.1564,5.4875,12.6126,9.3053,2.6402,6.1863,7.4407,9.1192,5.0938,4.1114,3.1925,10.1717,5.2230,0.083356,NA,NA,0.091811,1
TCGA-EE-A2GH-06,Metastatic,11.6616,11.7094,7.5677,13.0898,7.3243,6.9539,9.3870,11.0426,10.2071,8.7073,5.0136,5.2858,10.7325,7.8675,0.37714,NA,NA,-0.33529,1
TCGA-FW-A5DY-06,Metastatic,9.4677,11.3559,7.6956,11.1561,5.1124,10.7110,8.5491,7.9669,8.2505,7.6404,5.2769,4.3790,11.0746,7.0221,0.2831,NA,NA,0.18737,1
TCGA-DA-A1I5-06,Metastatic,9.4468,11.5527,7.8446,13.1988,5.7143,6.1305,8.0842,8.1707,10.0251,6.9394,7.3341,5.0944,10.6434,7.4122,0.99044,NA,NA,-0.28962,1
TCGA-D3-A8GQ-06,Metastatic,7.1782,8.1012,4.7959,10.5781,11.0356,3.7204,5.4780,6.4307,7.1875,4.4339,3.1642,5.7533,12.3079,5.4628,NA,NA,NA,NA,0
TCGA-EE-A29G-06,Metastatic,6.9950,10.5763,6.4908,12.0276,8.9142,2.9523,6.3220,5.9286,7.7393,5.4977,4.0314,3.6562,9.9973,4.7052,0.0042563,NA,NA,-0.09457,1
TCGA-ER-A19P-06,Metastatic,12.1316,12.9187,9.4917,13.4387,5.4530,9.3818,10.3412,10.6512,10.6467,9.9128,6.9759,5.5651,11.4317,8.8044,0.058868,NA,NA,-0.022655,1
TCGA-EE-A3JE-06,Metastatic,12.2875,12.2794,7.4255,13.0440,10.2329,7.2264,9.8446,10.7784,11.0585,8.8945,8.2892,5.3689,10.3555,8.6168,0.46722,NA,NA,-0.34141,1
TCGA-EE-A2M7-06,Metastatic,7.5745,10.2853,6.2473,10.4333,11.0519,8.0590,6.7796,5.5590,6.3658,4.9165,3.6889,2.4130,10.0978,10.0193,NA,NA,NA,NA,0
TCGA-EE-A3AG-06,Metastatic,5.7852,8.6768,4.5435,11.1628,8.3120,0.0000,2.8684,5.1680,6.7530,1.4431,1.4431,4.9843,10.7722,6.8707,-0.47291,NA,NA,-0.41385,1
TCGA-D3-A2JP-06,Metastatic,9.7820,11.0933,7.4118,11.8835,11.2597,2.1073,7.9925,9.3691,9.0063,7.2136,3.9732,3.9732,10.2519,6.1542,-0.024033,NA,NA,0.086588,1
TCGA-EE-A3J7-06,Metastatic,8.0082,8.5221,3.7535,10.9196,9.4550,0.6935,6.0198,7.3571,7.1934,6.1571,3.4834,3.2692,10.8629,5.2137,-0.095839,NA,NA,-0.82326,1
TCGA-D3-A8GO-06,Metastatic,7.9597,9.9156,6.9284,10.8896,11.1365,9.4249,6.6062,6.9928,7.1349,7.2529,3.9975,1.1361,9.6779,5.5210,NA,NA,NA,NA,0
TCGA-D3-A2JF-06,Metastatic,9.4926,10.7899,7.8681,11.5505,11.0240,7.8034,7.8953,8.8907,8.2452,7.4576,6.1061,4.4103,9.6618,6.2570,NA,NA,NA,NA,0
TCGA-FS-A1ZT-06,Metastatic,9.7153,10.6304,5.3642,12.2756,6.7554,7.1482,8.1502,8.9204,8.5091,6.9774,6.7745,5.2938,9.3431,7.1092,-0.12117,NA,NA,0.049867,1
TCGA-ER-A199-06,Metastatic,10.4391,11.4656,8.2327,13.6149,3.9907,9.2328,9.4417,10.0196,9.4114,7.9087,6.0204,5.1731,10.2882,6.7246,0.052132,NA,NA,-0.25893,1
TCGA-GF-A4EO-06,Metastatic,11.5713,12.4497,8.4290,13.3191,8.3845,8.8795,9.8947,10.6441,10.3221,8.9466,7.4690,5.7713,10.5027,8.3559,0.52347,NA,NA,-0.094739,1
TCGA-D3-A5GT-01,Primary Tumor,2.9451,7.1621,3.7764,9.5249,2.4509,0.0000,1.3157,4.0563,5.6264,1.3157,0.0000,0.0000,8.3830,2.2397,NA,NA,NA,NA,0
TCGA-D3-A1QA-07,Additional Metastatic,8.0057,9.4979,6.0941,11.2068,1.7986,4.1697,6.2222,7.0600,7.6311,5.9847,4.2790,1.4701,10.8171,6.4320,NA,NA,NA,NA,0
TCGA-D3-A8GE-06,Metastatic,8.8001,10.8588,6.9681,11.0829,5.2750,1.6194,7.2702,6.4047,8.1354,6.3398,4.6462,4.2344,10.1627,10.6451,0.15527,NA,NA,-0.11558,1
TCGA-EE-A17Y-06,Metastatic,5.1338,7.8924,1.6760,11.4182,9.0401,0.0000,2.0929,4.4142,6.4248,2.6878,2.0929,5.4172,12.2410,8.4350,NA,NA,NA,NA,0
TCGA-EE-A2GP-06,Metastatic,6.2163,10.7819,6.5644,12.2798,10.9013,1.3565,5.9781,6.1934,9.0511,4.5625,5.4439,5.1430,9.4676,4.5862,-0.082753,NA,NA,0.32237,1
TCGA-EB-A42Y-01,Primary Tumor,6.3025,9.0067,4.8914,11.4421,4.1751,0.3611,4.7332,5.8480,7.1330,4.4992,4.1522,4.3259,11.3408,2.3968,-0.20264,NA,NA,-0.015523,1
TCGA-EB-A44Q-06,Metastatic,10.2885,11.2524,8.1871,14.3262,5.1737,6.6816,8.5979,9.5997,8.9399,9.1107,6.2408,4.4039,10.4836,6.8013,0.35823,NA,NA,-0.053531,1
TCGA-FR-A3R1-01,Primary Tumor,8.6610,9.2301,4.8510,10.8555,2.8057,2.7353,6.9328,8.0873,8.1239,5.5730,7.4520,2.9369,9.8503,8.5046,0.72709,NA,NA,-0.44999,1
TCGA-RP-A694-06,Metastatic,8.1609,10.2961,4.3688,11.6953,10.2843,4.2999,6.2783,7.8394,8.7687,6.8225,3.5399,4.4766,9.0338,5.8352,0.48258,NA,NA,-0.093363,1
TCGA-DA-A1I0-06,Metastatic,7.4133,10.5728,8.6095,13.1608,3.0418,7.3774,7.5249,7.3938,8.2340,6.4814,2.8264,2.2655,12.4879,4.9403,-0.038011,NA,NA,-0.045201,1
TCGA-D3-A1Q9-06,Metastatic,9.0883,10.0694,4.8345,13.4370,8.0149,3.3069,6.9759,8.6907,8.2764,6.4209,6.8823,3.0442,9.5088,4.1272,0.30985,NA,NA,-0.22839,1
TCGA-D3-A5GS-06,Metastatic,9.5954,10.7823,5.7324,12.2347,9.3649,0.5838,6.9737,8.6934,9.2180,7.8450,5.0409,4.2060,10.6750,5.9737,NA,NA,NA,NA,0
TCGA-DA-A1I8-06,Metastatic,4.6021,10.6413,4.6838,12.8141,3.6425,1.1647,3.0252,4.1256,9.1015,2.4187,3.4510,4.1256,11.5128,5.7068,-0.13952,NA,NA,-0.24896,1
TCGA-D3-A8GK-06,Metastatic,4.6443,6.9314,3.9676,11.0280,8.2230,1.3405,2.1939,3.8867,5.0522,2.4847,2.0231,1.6056,11.3119,4.6145,-0.30778,NA,NA,-0.52775,1
TCGA-FS-A1ZR-06,Metastatic,7.5377,9.4481,6.0138,11.2057,11.2023,1.0958,6.1886,6.5499,7.1031,5.0251,4.9474,2.3163,8.9625,4.7482,NA,NA,NA,NA,0
TCGA-DA-A1IB-06,Metastatic,11.2862,12.7222,9.2999,13.3715,6.9827,10.7839,10.0808,10.1995,10.1704,9.0729,6.8344,5.2572,11.4376,8.8766,0.25486,NA,NA,0.36891,1
TCGA-EE-A185-06,Metastatic,1.6825,6.4911,3.6732,11.4134,1.4101,1.0738,1.6825,1.9117,4.0417,1.0738,2.1093,0.0000,9.9228,2.2832,-0.28833,NA,NA,-0.95926,1
TCGA-EE-A20F-06,Metastatic,9.1525,10.5294,6.3851,12.2136,5.2198,4.9693,7.5276,9.1596,8.8754,7.4626,4.9693,4.0828,9.4345,6.6499,0.37043,NA,NA,-0.2192,1
TCGA-EE-A29A-06,Metastatic,3.6411,7.9514,2.0033,10.1952,4.4480,0.0000,1.8279,2.9636,6.3903,0.8876,4.7047,2.7061,10.3920,7.2469,NA,NA,NA,NA,0
TCGA-D3-A3CC-06,Metastatic,4.6080,9.8960,4.6628,12.2827,9.0957,2.3220,4.0876,4.4134,7.7719,3.0678,1.9143,3.5943,10.0033,2.7090,NA,NA,NA,NA,0
TCGA-D3-A2JD-06,Metastatic,7.9053,11.0496,7.6428,12.4182,4.0462,9.5957,6.4987,6.3498,7.4937,6.5956,4.0781,2.2313,10.9119,9.4286,-0.20936,NA,NA,-0.772,1
TCGA-FS-A1ZS-06,Metastatic,5.1997,9.8178,4.6446,12.6326,4.7515,1.4607,4.5287,5.4283,7.8731,3.5687,4.4842,4.6343,12.9464,2.9373,NA,NA,NA,NA,0
TCGA-HR-A2OH-06,Metastatic,12.5449,12.6250,6.7724,14.3541,8.9435,5.3371,10.4182,12.2826,10.8533,10.0750,8.0806,6.0484,10.9651,9.1747,NA,NA,NA,NA,0
TCGA-EE-A2MD-06,Metastatic,7.3429,9.9564,6.3072,11.8893,7.4960,6.3649,6.5960,6.8779,7.5863,6.1209,4.5465,3.6589,8.3881,6.7873,-0.30324,NA,NA,-0.34928,1
TCGA-EE-A3AH-06,Metastatic,4.3671,8.4251,3.5088,10.1873,11.2473,3.6267,3.0102,3.4354,5.8211,2.1293,3.5532,1.7885,9.4377,2.4048,NA,NA,NA,NA,0
TCGA-HR-A5NC-01,Primary Tumor,3.6935,8.9545,3.8529,12.0961,11.4379,0.0000,3.6287,3.6287,6.4775,3.1632,3.4896,3.6935,10.0926,1.7110,-0.42954,NA,NA,0.037795,1
TCGA-FR-A7U9-06,Metastatic,8.1080,11.3217,7.5315,12.5946,12.9149,4.3524,7.1920,8.2620,9.5060,6.6932,6.7913,4.7924,12.7168,7.2345,0.99834,NA,NA,0.32351,1
TCGA-D9-A4Z3-01,Primary Tumor,6.9871,9.5477,4.5085,12.5263,9.4518,0.0000,5.6305,5.6430,7.3709,4.8963,2.8960,3.9237,9.4843,3.6551,-0.35867,NA,NA,-0.79118,1
TCGA-FR-A69P-06,Metastatic,6.1465,8.9058,3.9984,12.2481,4.0112,1.4748,4.0887,4.3311,6.8826,3.4895,3.0980,4.2322,10.2853,3.9293,0.085251,NA,NA,0.14204,1
TCGA-EB-A4IS-01,Primary Tumor,10.2745,11.4280,7.2156,11.9894,5.3052,8.8799,8.2964,9.4250,8.8551,8.7724,6.2528,4.3668,10.8837,6.4813,0.25519,NA,NA,0.54576,1
TCGA-FS-A1ZZ-06,Metastatic,4.6654,7.2829,2.7756,10.5890,8.6429,1.8677,2.1520,3.7780,5.6366,2.5931,4.2084,1.5133,7.3359,1.2170,1.4877,NA,NA,-0.73676,1
TCGA-GN-A265-06,Metastatic,9.2730,12.2381,8.9993,14.2867,11.3596,6.5725,8.6134,8.4576,9.8763,7.0292,6.3562,5.8740,12.3089,8.1308,0.15759,NA,NA,0.2171,1
TCGA-GN-A8LK-06,Metastatic,4.6507,6.4246,5.2293,11.1858,5.9378,0.0000,2.7631,3.9059,3.9516,3.4125,2.5420,1.5507,9.7661,5.5641,-0.47975,NA,NA,-0.53238,1
TCGA-D3-A2JK-06,Metastatic,5.1653,10.3264,6.2114,12.9813,0.0000,0.0000,0.0000,2.2857,7.6343,2.2857,2.2857,2.2857,11.5697,5.8861,NA,NA,NA,NA,0
TCGA-D3-A2J6-06,Metastatic,9.8262,9.2317,5.3966,11.4364,6.3971,0.4134,7.0046,10.1435,8.9348,7.9339,4.7661,4.3155,9.7012,4.7661,-0.23895,NA,NA,-0.61165,1
TCGA-FS-A4F2-06,Metastatic,2.7382,9.8815,4.0109,12.3893,5.5964,2.4162,3.0013,3.5038,7.8131,2.2235,2.6642,3.1712,9.1579,2.7382,NA,NA,NA,NA,0
TCGA-EE-A2MI-06,Metastatic,9.2879,11.4745,6.4243,12.2783,12.3134,1.4797,7.1410,7.9255,9.8347,6.9833,6.1811,4.2166,10.0308,5.0661,-0.083864,NA,NA,-0.34773,1
TCGA-D3-A3BZ-06,Metastatic,10.1036,10.9046,7.6960,13.0133,4.7620,7.2518,8.0579,8.9860,9.6127,7.2039,5.7574,4.0672,11.7450,7.3504,NA,NA,NA,NA,0
TCGA-GN-A8LL-06,Metastatic,6.7420,8.9257,6.2296,10.2166,9.4265,3.6565,3.2500,7.7714,5.3111,5.8062,2.2839,0.0000,8.5200,3.3629,-0.29773,NA,NA,-0.83572,1
TCGA-D3-A3CF-06,Metastatic,8.9228,11.5925,8.2428,12.5174,7.2275,8.7832,7.9012,7.5817,9.0804,7.2877,5.0428,4.4192,10.5058,6.6073,NA,NA,NA,NA,0
TCGA-EB-A4OY-01,Primary Tumor,8.1572,10.0146,6.5876,13.3897,6.8025,3.0043,6.0244,8.7727,7.0035,7.3291,1.8616,0.0000,8.9598,3.0043,-0.47714,NA,NA,0.58159,1
TCGA-GF-A769-01,Primary Tumor,4.4749,8.6310,4.3023,11.3150,11.6772,0.7927,2.9923,4.9034,6.7877,2.6150,5.1613,2.4314,10.7802,5.1613,NA,NA,NA,NA,0
TCGA-D3-A1Q1-06,Metastatic,5.1303,8.7218,0.4492,11.9181,10.0926,2.5884,3.2075,4.7044,6.8306,2.9644,2.7508,1.9506,8.5505,1.2826,0.081298,NA,NA,-0.24019,1
TCGA-FR-A8YC-06,Metastatic,9.0799,9.2835,4.1206,12.0690,8.6504,2.1590,6.3554,7.3719,7.7848,6.7220,3.4357,3.5108,9.2942,5.3321,0.17348,NA,NA,0.31093,1
TCGA-FW-A5DX-01,Primary Tumor,5.4485,8.5368,4.9464,10.6031,8.7757,0.7954,3.9739,3.8688,5.8306,2.4366,3.6325,1.6812,6.9905,4.6805,NA,NA,NA,NA,0
TCGA-ER-A2NF-06,Metastatic,9.3038,9.5735,5.9878,10.6517,2.8123,6.1881,7.4034,8.4986,7.1931,6.9686,6.1580,2.0043,8.3943,5.7772,0.55468,NA,NA,-0.74696,1
TCGA-D3-A5GN-06,Metastatic,9.2107,9.4407,5.9443,10.9478,10.3381,3.8257,7.3188,7.9023,8.4974,6.2862,5.8523,2.7171,9.9318,7.4162,0.15542,NA,NA,-0.026424,1
TCGA-DA-A3F5-06,Metastatic,6.5170,7.5973,4.7792,11.9564,11.2841,0.0000,4.7815,5.6902,7.1915,4.2922,3.9668,3.2183,11.8726,9.3419,-0.49144,NA,NA,-0.31558,1
TCGA-EB-A3XE-01,Primary Tumor,8.0958,10.0388,7.2034,11.3406,5.0912,1.6326,6.7213,7.2848,7.4884,6.1360,1.8584,3.0623,10.8366,4.6226,-0.23665,NA,NA,0.80786,1
TCGA-FS-A1ZM-06,Metastatic,10.2043,11.2394,6.0863,12.5227,11.5244,0.9807,7.6455,10.3113,9.6062,8.4083,5.1052,6.3074,11.2639,6.7340,-0.45862,NA,NA,0.57473,1
TCGA-EE-A29L-06,Metastatic,2.6749,5.3921,4.2607,11.4570,8.2818,3.1342,1.6298,3.0323,3.6633,1.8848,2.6057,1.3197,6.8190,3.1825,-0.24624,NA,NA,-0.67643,1
TCGA-D3-A5GU-06,Metastatic,9.3964,10.2451,5.4125,12.1505,9.9519,3.0393,6.8534,7.7415,8.2662,6.7723,3.9903,3.6185,9.3067,5.5694,NA,NA,NA,NA,0
TCGA-D3-A3C6-06,Metastatic,3.0318,8.2629,2.3420,10.8329,9.7344,0.3919,1.5224,4.3470,6.2755,1.6712,2.4248,2.8564,9.6656,2.0430,NA,NA,NA,NA,0
TCGA-BF-A5EP-01,Primary Tumor,5.1017,7.6226,3.6364,11.4981,9.5629,0.0000,3.4128,4.1785,6.0233,2.5423,3.7314,2.6470,10.5740,5.9016,-0.19934,NA,NA,-0.30536,1
TCGA-EE-A2MF-06,Metastatic,8.0581,10.2426,5.8508,13.1929,9.5936,3.7515,6.4264,8.5323,8.1773,5.7697,4.6488,4.3003,9.0172,4.7586,NA,NA,NA,NA,0
TCGA-EE-A20H-06,Metastatic,5.9945,8.3778,5.1010,9.8767,6.6838,0.0000,4.6750,5.9234,5.8830,4.0548,2.4496,1.6922,10.6234,7.9790,NA,NA,NA,NA,0
TCGA-FS-A1ZC-06,Metastatic,4.1846,8.7370,2.9973,11.1680,10.3083,0.0000,1.3262,4.4263,6.5053,0.9293,1.3262,6.3053,11.4294,2.6147,-0.52469,NA,NA,-0.38758,1
TCGA-D3-A2JG-06,Metastatic,6.2278,7.8664,4.7636,12.1160,5.1047,1.8590,4.7293,4.3323,6.4913,3.8215,3.3763,2.2491,10.0436,5.5132,NA,NA,NA,NA,0
TCGA-GN-A261-06,Metastatic,8.6601,9.7836,4.6864,9.6375,12.2241,1.3598,6.5409,8.7299,7.0745,6.5506,5.4362,2.2509,11.0056,3.7914,-0.13348,NA,NA,0.22,1
TCGA-D3-A8GD-06,Metastatic,10.6494,11.7979,8.3739,12.9195,9.0780,9.5103,9.9409,10.9640,10.3436,9.2215,6.6519,5.4049,10.9988,9.4478,0.72036,NA,NA,0.013279,1
TCGA-EE-A29T-06,Metastatic,9.5917,11.8649,6.2519,13.6280,8.5958,5.8486,8.0440,8.1536,10.1675,6.0744,6.5853,5.2268,10.9268,5.9278,0.39467,NA,NA,0.17095,1
TCGA-EB-A430-01,Primary Tumor,8.5932,8.8540,4.9885,9.3561,2.1817,2.5418,6.4878,8.2025,7.0394,6.8271,4.6689,2.8935,7.9407,5.0651,0.35458,NA,NA,0.061398,1
TCGA-YD-A9TB-06,Metastatic,7.7407,10.2549,5.4696,12.0128,7.2031,1.8722,6.3080,5.5310,7.3887,4.9450,3.4740,3.6677,10.3903,5.2971,-0.046457,NA,NA,-0.15042,1
TCGA-EB-A44O-01,Primary Tumor,5.9013,7.5294,5.1387,12.9701,8.1510,0.0000,4.4177,4.7260,6.0192,3.6278,5.5735,4.3638,10.8899,10.4930,-0.075228,NA,NA,-0.75223,1
TCGA-D9-A6EG-06,Metastatic,2.3586,9.7113,3.1289,10.8414,0.0000,0.0000,1.4696,2.1824,6.2462,1.3072,2.2732,8.3050,10.1473,9.7254,NA,NA,NA,NA,0
TCGA-Z2-A8RT-06,Metastatic,8.5862,11.0143,6.5021,12.5101,10.8699,6.4692,7.6731,7.8040,8.2224,6.6692,6.0886,3.1296,9.8443,6.6018,NA,NA,NA,NA,0
TCGA-DA-A1IA-06,Metastatic,5.3902,8.9172,4.2907,11.7921,10.1016,0.5263,3.1576,4.8665,5.7143,3.4757,4.6809,1.4651,11.1326,5.8526,-0.29167,NA,NA,-0.25543,1
TCGA-D3-A1Q8-06,Metastatic,6.6543,11.9102,6.5479,12.2801,3.4379,5.7974,5.7159,5.3100,8.7035,4.1668,2.5233,5.0394,11.3387,3.7603,-0.18639,NA,NA,-0.043751,1
TCGA-D9-A3Z3-06,Metastatic,8.3451,11.0631,7.2768,13.1404,6.6594,8.8039,7.4480,7.8392,8.4661,7.7333,5.6013,3.9456,9.9493,5.7439,NA,NA,NA,NA,0
TCGA-DA-A3F2-06,Metastatic,12.5493,14.3108,9.4193,15.9402,7.2346,9.0114,8.8259,12.0982,11.9446,10.5225,4.5905,5.6204,13.7127,7.1247,-0.042314,NA,NA,0.0061496,1
TCGA-ER-A19G-06,Metastatic,8.4960,10.9156,6.4965,12.9955,11.1841,5.3333,7.4986,9.5006,9.0763,5.6376,8.0963,4.5811,10.6008,6.6015,0.75016,NA,NA,-0.45166,1
TCGA-DA-A960-01,Primary Tumor,3.1132,7.8651,3.4909,12.4751,2.8832,1.8282,2.8832,4.0273,4.7963,3.1132,4.1360,0.0000,7.9642,5.6652,0.22649,NA,NA,-0.68695,1
TCGA-FS-A1Z4-06,Metastatic,8.7005,11.5065,8.8558,12.0657,10.3862,9.3723,9.1187,9.3207,8.9729,7.5849,5.7431,5.4715,10.5603,7.7747,-0.084157,NA,NA,-0.1228,1
TCGA-RP-A690-06,Metastatic,5.5039,9.1246,3.6340,10.0846,1.5716,0.5783,4.0256,3.3742,7.7679,3.6254,3.8393,3.3039,8.6112,5.1504,NA,NA,NA,NA,0
TCGA-ER-A19T-01,Primary Tumor,4.3768,7.7568,7.0318,9.1985,5.8487,1.6992,1.2316,5.1358,5.2251,0.9252,1.4843,0.9252,11.6954,1.4843,-0.036449,NA,NA,-0.4655,1
TCGA-FS-A1ZH-06,Metastatic,9.5635,11.5908,6.9767,12.1345,8.7268,7.8786,7.9339,9.2650,9.5459,7.5184,5.3221,7.1509,11.1952,7.9208,-0.10836,NA,NA,0.48065,1
TCGA-EE-A29E-06,Metastatic,2.6169,11.4929,4.2067,12.8702,2.0488,0.6512,2.4001,2.7451,4.5212,1.7145,0.0000,0.3620,8.0159,10.1758,-0.14608,NA,NA,0.42944,1
TCGA-EE-A3JI-06,Metastatic,6.1513,10.8374,5.5585,11.3224,3.2822,0.8058,5.7379,6.5161,7.5336,3.7515,4.4884,5.2253,9.7089,4.6548,NA,NA,NA,NA,0
TCGA-D9-A148-06,Metastatic,8.4105,9.4773,6.1167,11.6187,7.5908,3.1629,5.8251,6.8196,7.2893,5.7660,6.6422,3.6931,9.2308,6.2265,0.36821,NA,NA,-0.21522,1
TCGA-BF-A3DM-01,Primary Tumor,4.6452,10.5262,4.4357,10.3586,11.3499,5.9878,4.6266,4.6817,6.5380,2.1774,3.8210,2.6882,10.3855,2.2761,-0.15154,NA,NA,0.15796,1
TCGA-ER-A19O-06,Metastatic,9.1075,13.2595,8.5859,15.4639,3.6196,6.6036,7.0466,10.2615,10.1327,8.3992,4.2284,7.7979,13.0284,7.8891,-0.1742,NA,NA,0.15013,1
TCGA-GN-A264-06,Metastatic,5.3982,9.4673,3.6666,12.0533,3.3202,0.3673,3.0940,3.4787,7.6410,2.8834,3.1422,3.7514,9.3847,1.7310,-0.4791,NA,NA,-1.0784,1
TCGA-QB-AA9O-06,Metastatic,9.9206,10.3741,5.6181,13.0550,1.3736,4.5892,7.6715,9.7284,8.8456,8.1867,5.1049,5.0012,11.5304,7.8160,NA,NA,NA,NA,0
TCGA-DA-A3F3-06,Metastatic,7.0754,9.5379,4.3923,10.3374,7.9789,2.3332,5.6201,5.5684,7.0969,5.3097,5.7495,3.2276,7.7545,4.0763,0.17281,NA,NA,0.4549,1
TCGA-D3-A2JO-06,Metastatic,10.6272,11.3936,6.7646,13.9169,2.8419,5.5763,8.4966,10.4290,10.0711,7.9700,7.2227,6.4198,11.2562,7.0188,0.94062,NA,NA,-0.59253,1
TCGA-ER-A195-06,Metastatic,10.2087,11.9999,6.5642,12.8312,8.1551,3.3755,8.2540,9.5222,9.3214,7.8317,6.0204,5.9329,10.8627,11.0942,-0.39376,NA,NA,-0.16204,1
TCGA-EB-A85J-01,Primary Tumor,10.7587,10.6637,6.6804,12.7578,8.7254,5.8064,8.8424,10.1503,8.9003,7.9925,6.1011,5.0212,10.4837,6.5833,0.049572,NA,NA,-0.49526,1
TCGA-EE-A183-06,Metastatic,8.2856,11.9365,8.0208,14.4525,4.9446,9.2521,6.7760,6.5566,7.9098,7.0549,4.8057,4.3261,11.2133,5.6201,NA,NA,NA,NA,0
TCGA-DA-A3F8-06,Metastatic,12.3369,12.2478,7.2878,13.2701,4.4466,6.9537,10.6945,12.1786,10.7797,10.0482,8.5897,6.9611,10.9204,8.4121,0.60336,NA,NA,-0.44733,1
TCGA-D9-A149-06,Metastatic,8.8816,10.6488,6.1807,12.8270,4.1476,4.7557,7.3921,8.9074,8.8100,6.6171,5.8860,4.4223,9.7943,5.7784,-0.037503,NA,NA,-0.37809,1
TCGA-DA-A1I2-06,Metastatic,7.6931,9.5289,5.9460,10.5589,12.4456,4.1750,6.5371,7.0911,7.5883,5.5845,5.0657,3.2350,9.5073,4.6617,-0.053912,NA,NA,0.38288,1
TCGA-D3-A2JC-06,Metastatic,9.4854,10.6570,7.3863,13.0192,9.6384,1.9358,8.0234,7.9570,9.2164,6.7601,6.2649,3.0473,10.6968,6.6941,0.31605,NA,NA,-0.20257,1
TCGA-EE-A2MC-06,Metastatic,10.8168,11.8496,6.7610,13.0046,7.7834,5.3496,8.7075,10.6647,10.1178,8.7172,7.2409,5.2156,12.2398,7.0529,0.24312,NA,NA,0.24211,1
TCGA-FS-A1ZF-06,Metastatic,6.4878,8.4757,5.0124,11.5209,7.6555,0.0000,4.5352,5.8981,6.3376,4.4331,4.2288,1.8220,9.8522,2.8119,NA,NA,NA,NA,0
TCGA-EB-A5VU-01,Primary Tumor,6.0072,9.2233,5.4377,12.2627,10.9028,1.8798,3.3759,5.7798,6.9769,2.2282,2.9450,2.5086,8.9894,2.0055,-0.14196,NA,NA,0.84979,1
TCGA-FS-A1ZG-06,Metastatic,4.2300,9.9779,5.7694,11.4150,1.4005,1.7907,4.0029,4.4262,6.3462,2.8652,2.2709,1.4005,9.3189,3.8196,-0.10011,NA,NA,-0.82758,1
TCGA-D3-A8GP-06,Metastatic,6.7303,6.9874,2.8174,9.5866,2.0942,0.0000,4.6737,6.3321,5.5973,4.9529,2.5618,1.6689,9.1422,3.3596,-0.27791,NA,NA,-0.46687,1
TCGA-D3-A1Q3-06,Metastatic,8.8257,10.6605,6.8658,11.4748,3.6349,6.8809,8.1381,8.0936,8.0959,7.3671,5.8165,3.7803,11.3133,5.7707,NA,NA,NA,NA,0
TCGA-EE-A2A6-06,Metastatic,10.2582,10.0847,6.8419,11.7588,10.3628,8.0186,8.5488,9.4292,8.7696,8.1222,5.4684,5.3674,10.6820,7.3439,0.75106,NA,NA,0.36098,1
TCGA-EE-A2MN-06,Metastatic,9.9403,11.3515,7.0709,12.3172,9.6305,5.2027,8.1224,8.8559,9.4203,8.1260,5.4387,4.5266,9.9378,5.7926,0.0025313,NA,NA,-0.25035,1
TCGA-ER-A196-01,Primary Tumor,2.0469,8.6805,5.5815,10.7461,2.7533,2.5106,3.6422,2.6371,5.6460,1.0315,5.3461,4.1881,10.5611,5.1479,-0.34034,NA,NA,0.59073,1
TCGA-D9-A1JX-06,Metastatic,10.2827,11.3084,5.4473,12.8618,10.2241,2.7744,8.4418,9.9859,9.3277,8.1188,5.6179,4.3147,10.5943,6.3349,0.33108,NA,NA,-0.16278,1
TCGA-ER-A19D-06,Metastatic,8.5186,11.5983,6.8901,12.6195,9.8840,5.5810,7.2445,7.4690,9.0301,6.4601,4.3398,4.5859,10.6453,5.3189,0.10096,NA,NA,0.62648,1
TCGA-GN-A262-06,Metastatic,0.4616,13.6296,4.6203,9.2510,10.0376,0.4616,0.4616,3.7490,2.4661,0.8108,0.8108,0.4616,9.3676,3.6221,-0.78047,NA,NA,-0.38561,1
TCGA-ER-A19E-06,Metastatic,6.5751,9.6602,4.6291,11.7174,11.1825,3.6490,5.0722,5.2638,7.9012,3.9754,3.0982,2.7166,10.9234,3.2866,0.0097829,NA,NA,-0.90669,1
TCGA-EE-A2MM-06,Metastatic,6.3147,9.4824,5.4019,10.7550,9.1620,3.8227,5.0948,5.6181,7.1834,4.2876,4.6036,4.0480,9.6559,4.4344,-0.080509,NA,NA,-0.42409,1
TCGA-EE-A29V-06,Metastatic,3.7648,7.1880,4.5341,13.2691,1.5866,0.0000,2.4801,2.9762,5.5215,2.2390,4.0898,1.4421,8.4472,3.9632,-0.35712,NA,NA,0.33055,1
TCGA-EB-A5UN-06,Metastatic,7.0617,7.3553,4.0030,12.3430,3.8824,2.5553,5.1889,5.9064,6.2128,4.9197,6.6359,2.4422,7.5992,5.0019,0.3643,NA,NA,-0.37241,1
TCGA-ER-A19N-06,Metastatic,10.4371,12.4855,7.9259,14.3932,3.1743,6.3388,8.4725,8.7709,10.5038,8.1411,6.1342,5.7237,11.1338,6.1681,-0.085003,NA,NA,-0.36849,1
TCGA-EE-A2GR-06,Metastatic,2.8612,6.4017,3.2335,10.6410,1.6270,0.0000,1.6270,1.6270,4.5061,1.1720,0.0000,2.1184,7.8503,0.8762,-0.51128,NA,NA,-0.72685,1
TCGA-3N-A9WC-06,Metastatic,11.0317,11.0589,7.2001,11.9057,7.4289,5.6199,9.0481,10.0840,9.5649,9.0805,8.2523,4.5536,10.1900,7.5948,0.92537,NA,NA,-0.051756,1
TCGA-BF-A1PU-01,Primary Tumor,2.7749,7.4779,3.3470,11.5097,6.0781,0.9811,1.7105,1.8470,4.6074,1.2008,2.1926,0.4057,8.7489,1.9716,-0.20458,NA,NA,-0.028847,1
TCGA-D9-A6E9-06,Metastatic,12.4426,12.4957,8.2614,14.5146,9.8060,6.6504,10.0823,13.2571,11.1426,11.0871,7.9858,6.0231,11.4734,8.2214,0.92527,NA,NA,-0.51809,1
TCGA-BF-A5ER-01,Primary Tumor,2.9407,8.4182,3.4447,13.5783,1.3454,0.0000,1.0196,3.7910,5.9452,2.4914,3.8435,2.6175,11.5561,3.6797,-0.0381,NA,NA,-0.29327,1
TCGA-D3-A51H-06,Metastatic,9.6227,11.9457,9.2826,12.1123,5.9162,12.2393,9.8006,9.2948,9.4198,9.5173,5.2249,4.6591,11.3657,8.9371,0.64228,NA,NA,-0.10527,1
TCGA-D3-A8GM-06,Metastatic,8.5264,9.7635,5.4567,11.7151,4.8799,6.0447,7.3594,7.8406,8.6507,6.3201,6.4487,4.0213,9.0688,9.2272,0.43894,NA,NA,-0.327,1
TCGA-EB-A1NK-01,Primary Tumor,6.2649,9.2767,5.9772,12.6378,2.6035,1.8768,4.6774,5.7739,6.9124,4.8070,3.6429,2.7252,9.1769,3.5472,-0.14853,NA,NA,1.2169,1
TCGA-XV-AAZV-01,Primary Tumor,8.4526,11.2155,7.8536,12.7537,10.2099,2.1363,7.1269,8.9610,9.6563,6.6224,4.3511,5.5274,11.2937,7.1067,0.40237,NA,NA,0.077993,1
TCGA-EE-A3AE-06,Metastatic,9.4809,10.7996,4.9525,11.6953,3.7874,5.9521,7.1744,8.5331,8.4926,7.8622,6.2452,4.9882,10.0281,5.7908,0.034519,NA,NA,-0.34724,1
TCGA-FR-A728-01,Primary Tumor,10.1534,10.4377,7.7044,12.7496,3.4312,0.5115,7.9556,9.0026,9.2685,7.4620,5.8372,5.5792,11.5171,10.3326,-0.1219,NA,NA,0.10564,1
TCGA-EB-A5SG-06,Metastatic,12.4455,12.1147,6.9980,13.8535,7.7658,8.1898,10.2942,11.6685,11.2049,10.5140,7.2306,6.2045,11.1965,8.5293,0.69017,NA,NA,-0.53535,1
TCGA-EE-A2GL-06,Metastatic,9.3924,11.5227,8.1692,12.1258,6.5976,9.7459,8.2972,7.6387,7.6408,6.7509,5.4243,3.7906,11.1179,5.9818,-0.073804,NA,NA,-0.14674,1
TCGA-DA-A95W-06,Metastatic,8.4424,9.5397,4.3323,11.9037,10.2902,2.0011,6.3590,7.8564,7.4066,6.3678,5.1307,2.8086,10.2411,4.8088,-0.071569,NA,NA,-0.51018,1
TCGA-EE-A2MH-06,Metastatic,9.2864,10.9550,8.0910,12.1736,9.6308,8.8932,8.0287,9.0281,8.2852,6.7441,4.0912,3.7662,10.0591,6.5810,NA,NA,NA,NA,0
TCGA-BF-AAP6-01,Primary Tumor,4.0784,8.6731,5.2070,10.9464,3.2117,0.3982,3.7438,3.0550,5.8234,2.9402,3.5222,3.8107,9.9868,4.7413,-0.22676,NA,NA,-0.29385,1
TCGA-WE-A8K4-01,Primary Tumor,11.1493,9.9459,5.8233,13.1959,8.9759,1.2490,9.0577,10.3338,9.3215,9.3318,6.6123,3.7432,9.3684,7.3609,0.1866,NA,NA,-0.25822,1
TCGA-W3-A824-06,Metastatic,10.3099,9.7848,4.5739,11.6495,10.6424,3.8400,8.1705,10.1828,9.0237,8.2263,6.8937,3.7894,10.7381,6.5882,NA,NA,NA,NA,0
TCGA-DA-A1HW-06,Metastatic,10.6687,11.4094,7.3678,12.7186,8.4457,6.8503,9.2820,9.7441,9.1521,8.1365,6.6103,5.2402,10.3697,7.3739,0.21327,NA,NA,0.17993,1
TCGA-W3-AA1W-06,Metastatic,12.5746,12.2107,8.2306,12.8951,3.9710,7.0793,10.4645,11.9026,10.5452,10.3176,7.8535,5.5717,11.1735,8.8011,NA,NA,NA,NA,0
TCGA-EB-A5UL-06,Metastatic,9.5910,9.4759,6.4385,12.5986,3.2896,7.7284,8.1135,9.4634,8.3309,8.1430,4.8125,3.8817,9.7485,7.8926,-0.098898,NA,NA,-0.42526,1
TCGA-EB-A3HV-01,Primary Tumor,6.1153,10.2196,6.5842,12.7573,10.3047,0.0000,4.4591,5.0963,7.8811,4.2722,3.4495,3.5470,11.0516,6.2002,-0.1744,NA,NA,0.22232,1
TCGA-D3-A1Q6-06,Metastatic,6.6503,9.1028,5.7960,11.7945,4.8392,1.5067,5.8941,5.9913,7.7580,3.7475,3.1419,3.6972,9.6901,8.2301,0.31776,NA,NA,0.15643,1
TCGA-GN-A4U4-06,Metastatic,6.4540,7.6843,4.2828,10.1059,2.4803,5.3998,5.5484,5.3756,5.5043,4.1048,3.9157,0.7694,9.2312,5.1364,NA,NA,NA,NA,0
TCGA-EE-A2A5-06,Metastatic,5.2074,9.7117,3.3673,11.7827,11.3384,0.9194,3.3933,4.1160,7.7713,3.5107,3.4335,2.7322,9.0323,2.1906,NA,NA,NA,NA,0
TCGA-ER-A19A-06,Metastatic,10.9373,13.2826,8.5775,14.0155,9.0649,4.7132,9.4368,10.5321,10.9630,9.2338,7.8351,6.7215,11.9380,7.9002,0.54137,NA,NA,0.35555,1
TCGA-FS-A1ZK-06,Metastatic,2.5060,7.5629,4.4479,10.5185,9.5096,4.8327,1.4621,2.3491,5.4594,1.3002,3.2001,1.3002,8.6332,2.7132,-0.68701,NA,NA,-0.23506,1
TCGA-BF-AAP0-06,Metastatic,11.1706,11.5612,8.2530,13.9518,9.6012,9.2650,9.3775,10.0044,9.6893,9.0410,6.2673,4.5807,10.7170,7.4691,0.16403,NA,NA,0.089437,1
TCGA-FR-A3YO-06,Metastatic,3.5269,9.2396,5.4978,15.8755,3.0907,0.0000,2.9100,4.1327,7.7518,4.2888,2.9100,5.0910,10.6123,6.1016,-0.075741,NA,NA,-0.4174,1
TCGA-DA-A1HV-06,Metastatic,10.2886,11.5221,6.2226,12.8421,8.5032,6.5228,8.6098,10.0386,9.8010,8.6567,5.7818,4.3168,10.5561,7.1098,0.43726,NA,NA,-0.15488,1
TCGA-WE-A8K5-06,Metastatic,8.4964,10.1311,6.1025,11.1027,9.9996,2.2884,6.6223,7.2711,7.8223,6.3813,4.3246,3.3126,10.5491,5.4887,-0.43754,NA,NA,-0.50639,1
TCGA-FS-A4FD-06,Metastatic,7.9003,9.5648,4.8924,11.8043,6.3468,5.7851,6.0402,7.2357,7.0337,6.0580,4.5831,3.3254,9.2146,4.7682,NA,NA,NA,NA,0
TCGA-EE-A2MS-06,Metastatic,8.8319,10.3303,4.2724,11.6611,10.4073,4.8897,6.8020,7.8668,7.9830,6.8160,4.0835,4.2301,8.8145,4.6607,-0.28753,NA,NA,0.15419,1
TCGA-D3-A8GR-06,Metastatic,4.4394,8.4895,4.7070,13.0716,2.5119,0.0000,2.9232,5.1238,6.5710,2.7321,4.3754,1.5268,8.9700,4.0047,0.27159,NA,NA,-0.21263,1
TCGA-ER-A194-01,Primary Tumor,9.1176,11.3177,6.6676,11.6751,5.2981,0.0000,7.0693,9.3720,8.2685,8.3991,3.8471,2.2179,10.4179,4.5927,-0.36768,NA,NA,-0.0076305,1
TCGA-D3-A3CB-06,Metastatic,11.7666,12.7177,8.4570,14.2836,10.8935,8.9439,10.3635,10.6089,10.0006,8.3978,11.3187,5.5100,11.0812,8.2191,0.63248,NA,NA,0.077535,1
TCGA-D3-A1QA-06,Metastatic,7.3937,8.9176,6.5370,11.2403,3.8759,2.2422,6.0373,6.7242,7.1851,4.9472,6.9957,3.3858,10.3074,5.8694,0.3465,NA,NA,-0.32765,1
TCGA-EE-A3J8-06,Metastatic,4.3623,8.8603,1.9800,10.0533,6.8635,0.0000,2.7804,3.8774,6.3087,0.0000,2.9724,0.0000,8.9853,3.4308,NA,NA,NA,NA,0
TCGA-EE-A2ML-06,Metastatic,9.3853,10.7747,6.1480,13.2285,11.0561,5.7106,8.0458,9.1843,8.2034,7.4164,6.5413,4.8862,10.1783,5.7194,0.33774,NA,NA,-0.40758,1
TCGA-EE-A2MU-06,Metastatic,10.2790,12.0262,7.6025,13.6925,4.3806,4.5376,8.0809,9.9208,10.0783,7.6899,7.2030,5.1371,11.2314,9.0636,0.65712,NA,NA,-0.17029,1
TCGA-ER-A19T-06,Metastatic,7.5275,10.7607,6.4345,11.8725,5.1764,2.9926,5.5480,7.7525,8.7565,5.1015,2.2212,3.4926,11.3791,3.7499,NA,NA,NA,NA,0
TCGA-XV-AAZY-01,Primary Tumor,8.1219,10.8988,7.0332,13.6965,4.2858,5.4077,6.7394,8.7090,7.7526,6.3519,3.0707,1.9858,10.7480,5.1910,0.30285,NA,NA,0.2618,1
TCGA-FS-A1ZY-06,Metastatic,3.9136,8.4910,5.4906,10.1081,0.7995,0.0000,1.0778,3.4097,5.3701,1.6878,1.3110,0.4545,10.1225,2.3428,NA,NA,NA,NA,0
TCGA-EB-A24C-01,Primary Tumor,2.7448,7.9555,3.5145,11.8116,8.7186,0.0000,2.8049,2.9181,6.3622,1.5830,3.2986,1.7142,9.9042,2.3196,-0.19831,NA,NA,-0.26019,1
TCGA-D3-A3MO-06,Metastatic,2.9091,9.1362,3.4549,11.1121,9.1049,0.7531,2.3540,3.4054,6.6195,2.7710,0.7531,4.8286,11.0251,4.1251,-0.22038,NA,NA,0.693,1
TCGA-FS-A4FB-06,Metastatic,3.1258,8.2559,4.4681,10.9607,3.1258,2.4528,6.6298,2.9085,4.9589,1.3935,0.4924,1.3935,10.5702,0.4924,NA,NA,NA,NA,0
TCGA-EE-A2ME-06,Metastatic,11.8187,12.7093,8.3862,12.9925,9.7803,9.2980,10.2993,9.7223,10.3693,9.5003,7.1746,5.5057,11.2818,9.0202,NA,NA,NA,NA,0
TCGA-EE-A184-06,Metastatic,9.1222,9.3835,5.7963,12.2289,3.2054,4.6395,7.0870,8.3629,8.0757,7.3443,5.5074,3.2627,9.6524,5.7867,-0.068286,NA,NA,-0.58911,1
TCGA-EE-A20B-06,Metastatic,9.1511,10.3508,5.3445,12.2305,11.6336,4.4671,6.5384,7.4674,8.4794,5.9058,3.9559,3.6368,11.7547,9.6084,NA,NA,NA,NA,0
TCGA-D3-A3C1-06,Metastatic,7.1714,9.7193,6.3272,11.5286,11.6666,5.7609,4.9654,6.5691,7.9739,5.3260,3.5215,3.5713,8.9640,4.5840,-0.31321,NA,NA,0.35143,1
TCGA-ER-A19F-06,Metastatic,6.6498,9.5006,4.4896,11.4260,2.6107,1.3627,5.2750,5.8671,7.3089,5.1207,3.0816,3.2097,9.3993,3.6317,-0.61534,NA,NA,-0.7144,1
TCGA-EE-A3AC-06,Metastatic,9.4078,10.5339,5.5717,12.7586,4.3719,5.5627,7.5897,8.5567,9.0070,7.2102,5.8609,3.2144,9.6995,6.4658,-0.059232,NA,NA,-0.65526,1
TCGA-EE-A29Q-06,Metastatic,4.7567,8.2815,4.4526,10.4253,9.5128,4.3449,4.0932,3.3146,5.9734,2.2206,4.5961,2.8281,8.5772,4.9303,NA,NA,NA,NA,0
TCGA-EE-A29H-06,Metastatic,7.7424,9.9625,6.7473,11.2640,2.5669,7.2341,6.6496,6.6171,7.6776,6.0718,5.1669,4.4025,10.0449,5.5165,-0.092853,NA,NA,-0.63202,1
TCGA-D3-A8GC-06,Metastatic,6.2624,9.5230,6.0553,11.8393,3.1907,3.1311,5.8651,6.0535,8.3644,4.5573,5.8832,4.4146,10.5579,6.2831,0.56391,NA,NA,-0.42966,1
TCGA-EE-A2A2-06,Metastatic,7.7601,9.8396,6.3757,12.6889,4.2780,7.5444,6.8666,6.4361,7.7168,6.0189,5.0831,3.5002,9.1292,5.7909,0.018927,NA,NA,-0.37084,1
TCGA-ER-A3PL-06,Metastatic,6.6233,9.4398,4.1627,11.3272,7.6090,0.0000,4.6354,6.1983,7.6063,3.8951,4.7327,3.5121,8.9837,3.6178,-0.026418,NA,NA,-0.14282,1
TCGA-ER-A2NB-01,Primary Tumor,9.1667,10.5937,6.7996,12.9122,6.9068,1.5507,6.8109,9.7807,8.7718,8.4469,4.1990,4.1990,11.9784,5.8640,0.22636,NA,NA,0.090609,1
TCGA-EB-A41A-01,Primary Tumor,5.7746,8.2401,5.7382,10.4912,7.6976,1.7275,4.4655,5.6305,5.6305,3.3157,2.7610,1.5957,10.5482,4.4465,0.12359,NA,NA,-0.11983,1
TCGA-D3-A3C8-06,Metastatic,13.4507,13.1003,9.5416,13.0020,4.7106,6.2584,10.5437,12.8214,11.8015,10.5952,8.2419,5.4469,12.1533,8.8444,NA,NA,NA,NA,0
TCGA-FS-A4FC-06,Metastatic,7.2233,9.5994,6.1206,13.8862,11.4510,0.7533,6.2164,6.5424,7.3224,5.1547,5.2487,3.4962,10.9084,5.4432,-0.14535,NA,NA,0.15953,1
TCGA-EE-A3AD-06,Metastatic,4.0406,6.9867,4.4266,12.0274,2.9054,0.0000,2.4136,2.9054,4.7696,1.1613,3.1760,1.1613,8.5885,1.6617,-0.52102,NA,NA,-0.13875,1
TCGA-EE-A2GB-06,Metastatic,6.7843,9.0219,4.9189,11.0364,3.0901,3.6466,4.7578,5.0141,6.6359,4.4623,4.3427,2.7574,8.8184,4.1113,NA,NA,NA,NA,0
TCGA-XV-A9W2-01,Primary Tumor,5.3770,7.5817,5.0481,11.1170,7.2062,1.0780,3.9490,4.7310,5.8772,2.8301,4.5716,2.4448,9.0766,6.0444,0.017889,NA,NA,0.16577,1
TCGA-D3-A2JH-06,Metastatic,12.3500,11.3367,6.3903,12.7186,11.0052,4.0639,9.3578,11.6510,10.6901,10.0769,6.6957,4.5393,10.2173,8.5060,NA,NA,NA,NA,0
TCGA-EE-A29R-06,Metastatic,5.7173,8.0821,4.0709,11.2729,9.2187,1.3857,4.0430,4.3008,5.8763,3.1279,2.8976,4.3243,10.1168,5.3689,0.96547,NA,NA,0.40958,1
TCGA-WE-AAA0-06,Metastatic,7.0141,9.2594,6.1685,10.3743,3.5109,7.9572,6.4933,6.8064,6.9749,5.7089,3.9915,2.9879,12.1527,6.3288,NA,NA,NA,NA,0
TCGA-DA-A95X-06,Metastatic,7.7889,10.2490,5.8421,11.4215,11.4304,0.4083,5.2712,5.9040,8.0192,5.1700,6.3598,4.3665,10.0568,5.1166,0.30519,NA,NA,-0.30772,1
TCGA-DA-A95Y-06,Metastatic,4.2445,8.4435,4.7017,13.3053,3.6405,2.4565,2.6974,4.5511,6.6618,2.1671,3.3187,3.9966,9.9249,6.9448,-0.40469,NA,NA,-0.65491,1
TCGA-GN-A268-06,Metastatic,5.5350,8.1887,2.9562,11.8749,3.7657,0.0000,3.7319,4.9800,6.9154,3.4700,3.0437,3.2959,9.1273,6.4893,-0.26185,NA,NA,-0.42711,1
TCGA-EE-A181-06,Metastatic,10.2557,10.9191,5.7800,12.2596,10.8101,7.7604,8.1386,9.1886,8.9550,8.2385,6.4124,3.8880,10.7475,6.2811,-0.039082,NA,NA,-0.10597,1
TCGA-BF-A9VF-01,Primary Tumor,5.2443,6.6447,4.3421,12.4753,1.8439,0.0000,3.1325,4.3972,5.1942,3.7335,4.3522,2.0831,8.4802,7.4311,NA,NA,NA,NA,0
TCGA-EE-A29B-06,Metastatic,5.9051,10.1664,4.5755,12.8444,5.9960,0.0000,4.2950,5.5524,7.8193,3.9756,3.6666,3.6165,11.1452,6.3579,-0.35416,NA,NA,-0.58173,1
TCGA-EE-A2GJ-06,Metastatic,9.6873,11.8238,5.0017,12.7871,11.1998,2.1384,7.4104,8.8509,9.9093,7.3871,5.9521,4.1435,10.1871,5.2384,NA,NA,NA,NA,0
TCGA-D3-A3ML-06,Metastatic,3.7344,5.9875,2.1122,9.3237,2.2025,0.3787,2.6790,3.1385,4.3796,1.7663,1.6330,0.3787,6.2884,1.3226,-0.41389,NA,NA,-0.40164,1
TCGA-GN-A4U9-06,Metastatic,5.8032,9.3083,5.5042,10.3801,9.9587,4.0064,5.2095,6.3686,7.2883,5.0178,3.6209,3.3519,10.2547,4.7747,-0.016638,NA,NA,-0.4543,1
TCGA-FW-A3I3-06,Metastatic,6.9469,8.1650,4.3406,10.7073,6.1514,5.1355,4.9151,5.7165,6.2150,3.9621,4.4587,1.9434,9.2628,4.2041,-0.25644,NA,NA,-0.20957,1
TCGA-BF-AAP2-01,Primary Tumor,7.7074,9.7501,6.8898,11.2627,4.6526,2.6797,6.5268,6.8669,6.9865,6.0576,4.5892,3.5178,8.8621,5.3325,NA,NA,NA,NA,0
TCGA-EB-A4P0-01,Primary Tumor,7.5883,9.0403,4.3550,11.1922,5.0190,0.5689,5.0821,7.1757,6.9907,5.7205,3.4793,3.0447,9.8681,3.9088,NA,NA,NA,NA,0
TCGA-D3-A8GL-06,Metastatic,1.9537,6.9655,2.4753,8.8556,7.4415,0.0000,0.0000,2.7543,4.8941,0.4962,3.4935,2.0990,8.2182,4.1891,NA,NA,NA,NA,0
TCGA-ER-A193-06,Metastatic,10.2311,12.1942,4.6006,12.5081,5.7668,3.7059,7.8256,9.0538,9.0655,7.7613,7.9298,4.0124,11.6624,6.3068,0.73506,NA,NA,-0.073768,1
TCGA-EB-A299-01,Primary Tumor,8.0994,9.4900,6.4522,10.7198,6.5596,2.2959,6.4024,7.6293,7.1771,6.1773,3.6704,4.8511,10.1292,5.0345,0.31182,NA,NA,0.63575,1
TCGA-D3-A5GO-06,Metastatic,8.5875,10.3534,6.1878,12.0734,3.6445,0.0000,6.7383,8.7053,8.1798,6.7561,4.5315,4.8071,10.0908,5.3824,NA,NA,NA,NA,0
TCGA-LH-A9QB-06,Metastatic,4.0591,7.9079,3.2212,9.4357,4.3780,0.0000,3.9479,3.2090,5.7710,2.1039,4.7537,2.3571,11.0897,6.6902,-0.046106,NA,NA,-0.21857,1
TCGA-EE-A2A1-06,Metastatic,9.6820,11.9308,7.4395,13.0055,6.3461,8.1690,8.2873,8.5511,9.3892,8.1651,6.6983,4.6232,11.0062,6.3393,NA,NA,NA,NA,0
TCGA-BF-A3DN-01,Primary Tumor,5.0898,8.4517,4.6122,10.6080,10.8659,0.6598,3.6880,3.8707,5.9651,2.9926,5.0525,3.1422,9.8548,2.8834,-0.2543,NA,NA,-0.062226,1
TCGA-EE-A2MR-06,Metastatic,10.5363,12.6079,8.4611,12.4668,10.5648,9.2874,9.1911,8.6927,9.7058,8.7987,8.5708,5.5465,11.5820,7.1915,0.26785,NA,NA,0.2895,1
TCGA-D3-A3C3-06,Metastatic,8.8731,10.1292,6.5781,12.0540,3.2383,6.1980,7.1777,9.1972,7.9590,6.0062,3.7713,3.0673,10.5271,5.3226,0.011481,NA,NA,-0.76936,1
TCGA-WE-A8ZN-06,Metastatic,10.3060,11.3054,6.6822,12.4691,3.4347,4.5966,7.8415,10.4980,9.1347,9.0352,4.5424,4.6992,11.1499,7.7001,NA,NA,NA,NA,0
TCGA-D3-A1Q4-06,Metastatic,6.4117,10.3323,4.8666,10.8302,9.6099,5.1760,5.3711,5.1760,7.6675,3.9620,3.8910,2.5512,11.4913,4.2723,-0.29197,NA,NA,-0.44399,1
TCGA-FS-A1ZP-06,Metastatic,7.7232,11.2344,5.3342,13.4011,12.1154,5.5459,6.8252,5.8233,8.8119,5.0108,5.7435,4.2408,8.7810,3.4470,-0.25018,NA,NA,-0.054437,1
TCGA-EE-A17X-06,Metastatic,5.8751,9.1565,5.1139,14.9087,2.3194,1.6677,3.5711,5.8751,7.3375,2.9129,3.8864,5.3672,9.2963,9.0320,-0.14456,NA,NA,-0.86004,1
TCGA-D9-A4Z6-06,Metastatic,6.1483,9.9002,4.2050,13.4416,10.5437,1.8063,3.9986,5.3736,6.2465,4.2466,4.3562,2.1688,9.6487,7.1432,0.73186,NA,NA,-0.14858,1
TCGA-D3-A2JL-06,Metastatic,10.8408,10.9540,7.1479,13.6439,3.0262,6.4651,8.5674,9.9315,8.4297,9.3957,4.9061,3.2831,9.5873,6.5952,NA,NA,NA,NA,0
TCGA-RP-A695-06,Metastatic,8.3213,9.6563,4.0909,13.0010,6.0268,2.8914,5.6624,6.7719,7.4099,6.1006,6.0077,3.0489,10.3174,4.9322,0.054165,NA,NA,-0.88014,1
TCGA-FS-A4F9-06,Metastatic,5.1670,8.5337,3.1604,12.4557,3.2968,1.1053,3.8124,5.5912,6.2738,3.6455,2.1552,3.0518,10.4956,8.0206,0.21231,NA,NA,-0.24615,1
TCGA-EE-A2GN-06,Metastatic,6.1558,9.9837,4.9512,12.1769,10.8255,1.5403,4.6170,5.5088,7.2963,4.1326,3.2613,2.2681,9.3817,2.4471,NA,NA,NA,NA,0
TCGA-ER-A19H-06,Metastatic,9.5660,10.8502,5.9200,11.9315,9.0366,5.1311,8.0183,8.7748,8.1252,7.3031,5.1201,4.5116,9.9437,5.5220,-0.15453,NA,NA,-0.13109,1
TCGA-W3-AA21-06,Metastatic,7.1580,8.0517,5.5577,8.3640,10.1384,4.5171,5.8275,7.0989,6.1470,5.5348,1.8508,0.0000,8.0798,4.3052,NA,NA,NA,NA,0
TCGA-FS-A1ZJ-06,Metastatic,8.1680,9.3840,5.1647,11.3835,9.2758,0.9794,5.9440,7.8972,7.2317,5.7920,2.8386,2.9025,9.1614,4.3063,-0.64336,NA,NA,-0.61334,1
TCGA-D9-A1X3-06,Metastatic,1.4820,7.6486,1.8929,11.8422,3.5920,0.3773,0.3773,2.1975,5.3167,0.6761,2.8633,1.8836,10.6458,2.5316,NA,NA,NA,NA,0
TCGA-EE-A2GO-06,Metastatic,4.5162,7.9571,2.9795,12.6232,11.4783,0.6703,2.7265,5.0545,6.4535,2.7895,4.4784,7.9776,10.6801,11.8120,NA,NA,NA,NA,0
TCGA-EB-A44R-06,Metastatic,10.1750,10.7069,4.5575,10.7336,10.2267,3.7293,7.6941,9.2209,8.3389,8.9352,3.5460,2.5228,9.7061,5.8272,-0.18487,NA,NA,-0.21815,1
TCGA-W3-A828-06,Metastatic,5.7103,10.7103,5.2109,11.7472,11.3551,0.9775,5.0434,6.2125,7.7845,3.7129,4.1270,5.2776,11.2564,6.5249,NA,NA,NA,NA,0
TCGA-FS-A1YW-06,Metastatic,6.0178,9.4856,5.5981,9.7185,11.1578,5.1103,5.2539,4.1245,6.7707,3.2049,4.1514,2.9216,9.7878,3.2555,0.093613,NA,NA,-0.36591,1
TCGA-ER-A19S-06,Metastatic,12.4326,12.1611,7.4746,13.1750,7.0597,7.4435,10.2817,11.7684,10.4787,10.1698,7.6139,6.1262,10.7428,8.2878,0.75236,NA,NA,0.10404,1
TCGA-FS-A1ZQ-06,Metastatic,6.6339,10.0768,6.5209,11.7817,8.8807,5.0070,5.3871,6.0233,7.5218,4.6170,4.4670,1.4494,9.8429,8.5083,-0.29546,NA,NA,0.029468,1
TCGA-GF-A6C8-06,Metastatic,8.7291,9.7415,5.1369,11.9356,4.2087,5.6407,6.7539,9.3330,8.4561,6.4340,5.3059,4.6581,10.4378,5.6635,-0.17634,NA,NA,-0.63275,1
TCGA-BF-AAP1-01,Primary Tumor,4.7143,8.4997,3.6560,9.5277,9.8898,3.1848,3.4211,5.2928,5.7312,2.7713,1.1984,2.1894,7.7503,4.8821,-0.25163,NA,NA,0.2949,1
TCGA-EE-A2GI-06,Metastatic,10.2983,10.7406,6.3177,11.8230,7.8660,6.9382,8.3904,10.0486,9.2646,8.6936,5.5438,3.6518,10.0588,6.5036,0.15413,NA,NA,-0.18715,1
TCGA-FS-A4F8-06,Metastatic,9.9251,11.7610,7.9016,11.3752,6.4164,9.1081,8.4091,7.8769,8.4218,7.0338,4.9065,5.4189,11.7057,8.3021,NA,NA,NA,NA,0
TCGA-EB-A4XL-01,Primary Tumor,8.2623,9.5566,6.7724,11.1540,4.7343,2.5926,6.7121,7.3881,7.1440,6.0535,4.5494,3.2767,9.5121,6.0535,-0.15912,NA,NA,-0.5298,1
TCGA-FS-A4F4-06,Metastatic,8.7914,10.7127,6.3863,13.0576,2.3612,0.0000,6.2642,8.5500,8.6375,6.7809,3.2135,3.5040,10.8789,4.1891,NA,NA,NA,NA,0
TCGA-BF-A5EO-01,Primary Tumor,8.2227,9.7389,6.0589,12.5165,2.8464,2.0342,5.8260,8.4333,7.9730,7.2050,4.1303,3.6857,10.5957,5.2141,0.032184,NA,NA,0.35571,1
TCGA-GN-A26D-06,Metastatic,6.0845,8.6204,4.0808,12.4156,10.8279,4.9269,5.1364,4.5229,6.9230,3.8747,3.0753,1.8775,8.9919,4.3861,-0.30424,NA,NA,0.31593,1
TCGA-EB-A5SF-01,Primary Tumor,3.9527,9.5070,3.8804,12.4685,4.6974,0.0000,1.7715,2.8948,5.9006,3.1774,2.5430,0.0000,11.6143,2.5430,-0.26794,NA,NA,-0.42289,1
TCGA-ER-A42H-01,Primary Tumor,3.8817,9.9684,4.5647,11.6515,6.7640,0.0000,3.2542,3.8071,6.9748,1.0800,2.6321,2.7953,9.5415,2.8705,-0.1676,NA,NA,-0.77795,1
TCGA-EE-A2MP-06,Metastatic,9.8914,11.0256,6.2143,12.6045,3.7058,0.6941,7.5323,8.9147,9.0926,6.8912,5.3740,4.2880,9.8329,6.2782,0.095196,NA,NA,0.37868,1
TCGA-FS-A1ZW-06,Metastatic,9.9387,11.2040,4.5822,12.1805,3.2787,8.8512,8.4412,8.3836,9.3481,4.8178,6.8002,4.6715,9.7520,7.1322,NA,NA,NA,NA,0
TCGA-EB-A553-01,Primary Tumor,7.7054,9.9814,6.1240,13.3497,4.1550,2.9862,4.9389,7.4022,7.5990,5.0291,2.9862,1.9882,9.2926,6.8298,1.0209,NA,NA,-0.32198,1
TCGA-EE-A29P-06,Metastatic,11.7869,11.8913,6.5658,13.3150,3.9239,4.0110,9.5009,10.7480,10.3699,9.3524,6.4664,4.6766,10.8988,6.6609,0.23054,NA,NA,-0.099831,1
TCGA-EE-A2M8-06,Metastatic,12.5053,13.0025,8.3411,14.1070,9.6672,6.5755,10.4910,11.5967,10.9001,10.3262,7.4855,5.7145,11.3988,8.2065,0.15809,NA,NA,-0.1381,1
TCGA-GN-A4U8-06,Metastatic,10.2714,11.4193,7.3095,12.4264,2.9685,7.8015,8.7055,9.7960,9.2380,7.6012,6.1058,4.5291,10.4167,6.9669,0.80739,NA,NA,-0.26386,1
TCGA-XV-AB01-01,,7.8171,11.0115,7.1490,12.1183,6.1266,5.8790,5.0304,8.5480,7.9676,6.7969,2.7026,1.2494,11.0306,3.2117,-0.29445,NA,NA,0.12048,1
TCGA-EB-A5UM-01,Primary Tumor,9.6961,10.1583,7.2270,11.1601,8.4208,6.4762,7.9964,8.5362,8.0573,7.8176,4.1028,3.2348,11.5239,7.0972,0.26498,NA,NA,0.059869,1
TCGA-FS-A1YX-06,Metastatic,6.0525,10.0020,3.8878,11.7695,9.8478,0.6149,4.5600,5.6176,7.9535,3.2485,3.1221,4.0132,9.1581,3.2076,NA,NA,NA,NA,0
TCGA-EB-A57M-01,Primary Tumor,6.3370,10.5879,7.0753,11.2756,7.6554,3.4061,5.3547,6.3188,7.6372,4.8974,2.7133,2.8204,10.4304,4.7960,0.61524,NA,NA,0.268,1
TCGA-FS-A1Z0-06,Metastatic,9.8954,11.2070,5.2673,12.3098,7.5674,3.6208,8.0759,9.2047,8.9627,7.8026,6.1188,4.9122,9.7629,6.3843,0.11081,NA,NA,0.2991,1
TCGA-D3-A3MU-06,Metastatic,7.0572,10.8064,6.8158,12.7481,10.3436,4.5336,5.8477,6.7315,8.2066,5.7766,5.3140,2.1895,11.1316,4.7184,NA,NA,NA,NA,0
TCGA-DA-A1IC-06,Metastatic,7.4911,9.0136,5.2724,12.1841,5.3894,0.8498,5.4302,5.1658,6.1041,4.3113,5.5338,2.6357,10.0607,4.4763,0.078197,NA,NA,-0.46352,1
TCGA-BF-A1PX-01,Primary Tumor,11.1150,11.1632,7.7262,12.6839,8.6414,3.3764,8.4654,10.2612,8.9368,8.6148,6.3573,5.2420,11.2141,6.3202,0.43551,NA,NA,0.032263,1
TCGA-EE-A2GU-06,Metastatic,10.7593,11.0449,6.0701,12.0318,9.8657,5.2746,9.0365,10.0945,9.4447,8.2233,6.3399,4.5340,9.8367,7.0045,0.24221,NA,NA,-0.26609,1
TCGA-ER-A198-06,Metastatic,6.9385,10.2421,5.7435,12.4961,1.5711,1.7017,6.8810,7.6945,8.8385,5.9502,5.3170,5.2438,9.5878,8.5690,-0.37092,NA,NA,-0.76633,1
TCGA-WE-A8K1-06,Metastatic,10.4484,10.6412,7.3498,11.5838,4.1389,5.4882,8.4510,9.5679,9.0270,8.4892,5.8813,4.0302,9.6898,7.7730,0.90967,NA,NA,-0.4643,1
TCGA-WE-A8ZX-06,Metastatic,10.0418,10.2928,5.9308,12.2809,9.8442,5.4767,7.9543,9.3426,8.8969,8.1719,4.7943,4.2351,11.1656,6.9325,NA,NA,NA,NA,0
TCGA-D9-A1JW-06,Metastatic,9.6181,11.2725,7.6027,12.5084,7.5677,6.5443,7.9503,9.1260,9.0683,7.4250,6.3071,3.9216,10.5461,5.8483,0.24617,NA,NA,-0.30804,1
TCGA-YD-A9TA-06,Metastatic,8.3543,10.6571,5.3790,11.8165,11.9748,6.5446,6.6930,7.8233,8.6954,6.2317,5.3614,4.7524,10.3488,6.2252,NA,NA,NA,NA,0
TCGA-EE-A3J3-06,Metastatic,7.4782,10.2320,5.5351,12.0046,8.2323,4.3616,6.4094,7.0458,8.3717,5.3490,3.7553,4.1693,10.6521,4.7360,-0.078276,NA,NA,0.047302,1
TCGA-FW-A3TU-06,Metastatic,6.9878,10.4342,6.7175,13.5838,8.4733,3.4391,5.0724,7.4350,7.4479,5.6799,2.5018,3.3684,10.4412,9.2139,NA,NA,NA,NA,0
TCGA-Z2-AA3S-06,Metastatic,8.4178,9.3893,5.1199,13.1759,9.0412,3.9978,6.7177,6.9438,6.8605,6.0588,3.7424,2.2461,7.9879,4.1460,-0.020803,NA,NA,0.19605,1
TCGA-EB-A44P-01,Primary Tumor,7.4830,7.9495,5.6936,9.8160,11.0966,0.0000,6.1146,7.3547,6.6401,5.8357,6.6274,2.7344,10.0648,5.1082,0.59859,NA,NA,-0.059154,1
TCGA-W3-AA1R-06,Metastatic,8.1876,8.7060,5.0372,12.6426,2.9570,3.2000,6.4978,7.9713,7.4667,6.3670,4.9990,7.0133,9.5795,8.3124,NA,NA,NA,NA,0
TCGA-FS-A1ZE-06,Metastatic,4.7623,8.0738,3.6556,10.4089,8.1213,0.0000,3.5514,2.6695,5.6800,2.2284,1.4199,1.5901,9.6558,3.8817,NA,NA,NA,NA,0
TCGA-DA-A95Z-06,Metastatic,6.1948,8.8719,3.5803,10.9738,9.4768,0.0000,4.5922,5.2422,6.8109,4.5031,4.1970,1.2899,10.4149,3.1616,0.88084,NA,NA,-0.57618,1
TCGA-WE-AAA4-06,Metastatic,11.7103,12.9500,7.5862,15.6108,9.1253,4.0417,9.6196,12.7023,10.7778,9.7859,6.8976,5.7851,12.5015,7.3958,0.28374,NA,NA,0.52911,1
TCGA-ER-A19L-06,Metastatic,5.0184,9.7218,4.3791,11.2691,9.9873,0.0000,4.0002,4.2338,6.6495,3.3752,3.8204,3.0058,9.8043,2.8267,-0.44318,NA,NA,-0.40897,1
TCGA-ER-A19Q-06,Metastatic,8.8760,12.0013,6.5357,14.3729,2.7306,1.1717,7.4779,7.9693,9.7478,7.0052,6.2920,5.7191,11.6295,4.7378,-0.030095,NA,NA,-0.39544,1
TCGA-GN-A9SD-06,Metastatic,9.6097,11.5048,7.8943,11.6041,8.7975,8.9432,8.3192,7.5046,8.5327,7.4883,3.3752,6.2635,10.5421,8.4876,NA,NA,NA,NA,0
TCGA-EE-A3AF-06,Metastatic,8.6400,10.7768,5.4749,13.4385,7.0312,1.3453,6.0466,7.1844,9.0070,6.3489,4.2559,3.7362,10.3642,4.5685,0.015703,NA,NA,-0.76636,1
TCGA-FW-A3TV-06,Metastatic,8.0269,9.5797,5.0633,11.7299,4.8581,6.3396,6.7207,6.8990,7.9110,6.2547,4.4014,3.5373,9.9336,4.8725,-0.1575,NA,NA,-0.6047,1
TCGA-D3-A2J7-06,Metastatic,9.2316,10.4130,6.6365,12.3928,3.2722,5.0487,7.1302,7.7412,8.0549,6.1663,6.6342,2.4817,10.2114,5.5023,NA,NA,NA,NA,0
TCGA-FS-A4F5-06,Metastatic,4.5666,8.1860,3.7990,11.5049,10.2489,0.7551,3.9806,4.8334,6.7122,2.3580,4.2124,2.7753,8.7648,3.6262,NA,NA,NA,NA,0
TCGA-D3-A1Q7-06,Metastatic,11.5651,12.2242,7.3743,13.0680,8.1885,6.3930,9.3691,11.3614,10.2018,9.1426,7.8116,5.8215,11.0975,8.1569,1.098,NA,NA,0.10709,1
TCGA-WE-AA9Y-06,Metastatic,6.8886,10.6851,5.4862,11.5565,8.5551,6.6672,6.0285,4.8277,7.9238,5.3774,2.8723,2.9726,10.1682,8.0439,0.19207,NA,NA,-0.16488,1
TCGA-D3-A5GR-06,Metastatic,8.5904,11.0217,7.6482,11.9179,10.8127,9.1512,8.1737,7.6001,8.8165,6.2980,5.9272,3.7319,10.4044,6.6901,NA,NA,NA,NA,0
TCGA-ER-A19W-06,Metastatic,11.6509,12.2917,8.1163,13.4684,8.9580,6.3613,9.9862,10.6972,10.3438,9.1493,8.2577,6.6840,10.2701,8.4721,1.0004,NA,NA,0.00024839,1
TCGA-FR-A7UA-06,Metastatic,13.4116,12.7860,7.9737,14.2459,3.6018,8.7128,11.2731,12.4373,11.4550,10.8239,8.5989,6.4063,11.5558,9.3249,NA,NA,NA,NA,0
TCGA-BF-A1Q0-01,Primary Tumor,7.7342,9.9475,5.8038,12.2871,11.0166,3.9147,6.0925,6.6629,8.0784,4.9506,7.8377,2.1764,10.1375,4.1330,NA,NA,NA,NA,0
TCGA-EE-A2GS-06,Metastatic,7.5745,9.8305,5.2531,11.2869,10.6578,0.9185,5.7737,7.7696,7.5450,5.1344,4.5022,2.0922,10.0491,4.7609,-0.38124,NA,NA,0.23973,1
TCGA-W3-A825-06,Metastatic,10.1232,11.0320,7.1132,11.8803,10.1788,3.4889,8.2085,9.8428,8.9577,7.8867,4.3621,4.7194,11.1979,6.8655,NA,NA,NA,NA,0
TCGA-FS-A1Z7-06,Metastatic,5.9651,10.8103,5.1336,12.6408,10.2068,0.4259,4.5005,4.9958,8.9834,3.5836,3.2608,3.8473,10.9791,3.8124,NA,NA,NA,NA,0
TCGA-D3-A2JA-06,Metastatic,8.4901,11.9632,6.2759,13.3928,12.0532,1.2335,6.6963,9.3375,9.8447,6.1734,6.4210,5.0436,11.9412,5.8962,NA,NA,NA,NA,0
TCGA-EB-A6QZ-01,Primary Tumor,4.2076,7.7400,4.1605,13.3943,3.4659,0.5230,2.5376,3.4077,5.9170,2.1684,2.8312,3.1481,9.2508,2.3023,0.060149,NA,NA,0.33649,1
TCGA-WE-A8ZM-06,Metastatic,5.9111,7.6425,3.7607,8.6784,10.3639,5.7028,1.1872,3.1840,4.6591,1.1872,2.2724,0.5117,10.8602,7.0270,NA,NA,NA,NA,0
TCGA-XV-A9W5-01,Primary Tumor,7.5908,8.8913,4.7245,10.7531,3.7319,1.6493,6.0597,7.6686,7.5625,5.7941,3.4789,3.7319,9.1532,5.4150,-0.0011788,NA,NA,0.10963,1
TCGA-EE-A17Z-06,Metastatic,3.8105,11.0828,6.2223,11.3875,11.3685,3.7318,2.1212,3.2574,5.0452,1.8504,1.3157,0.8029,8.3488,1.5168,NA,NA,NA,NA,0
TCGA-D9-A4Z5-01,Primary Tumor,4.8143,10.2238,3.8612,12.0372,11.3979,0.0000,2.8536,5.5073,8.1806,2.9397,3.7501,3.4895,10.0464,2.1886,-0.024034,NA,NA,0.36049,1
TCGA-EE-A29D-06,Metastatic,4.3775,10.4780,3.6800,11.7043,10.7267,0.0000,2.7340,4.7245,6.7696,1.9360,4.0687,1.5282,8.9545,5.9377,NA,NA,NA,NA,0
TCGA-D3-A8GS-06,Metastatic,9.8545,11.1940,6.3714,12.3169,3.2534,7.5769,8.2749,10.7850,9.4692,8.1101,5.4012,6.7318,9.6615,6.7792,0.84869,NA,NA,-0.2498,1
TCGA-EB-A551-01,Primary Tumor,10.8818,11.5427,6.5172,12.5054,3.9480,5.4839,9.1926,10.8759,10.1791,9.2914,7.8991,5.7244,10.0383,7.5421,0.49927,NA,NA,0.56167,1
TCGA-WE-A8ZT-06,Metastatic,5.8262,8.2902,4.7208,8.7989,2.5678,4.9520,5.8068,4.3988,5.0041,3.6293,6.1527,1.7115,9.4840,3.7151,-0.20109,NA,NA,-0.43811,1
TCGA-D3-A8GV-06,Metastatic,6.0999,7.9313,2.3927,10.9204,2.4876,0.8222,4.3364,6.2237,8.1283,4.6329,4.0984,7.1374,9.6696,8.5135,-0.016777,NA,NA,-0.19112,1
TCGA-ER-A3ES-06,Metastatic,3.7656,7.6432,3.3592,8.7880,3.5608,0.0000,2.8680,1.8876,3.3220,0.9261,3.5608,0.9261,3.7656,0.0000,-0.43372,NA,NA,-0.48797,1
TCGA-BF-AAOX-01,Primary Tumor,5.6317,6.9897,4.3658,11.9022,3.7014,2.9165,4.6760,4.4782,4.4058,3.8725,3.7014,1.8989,8.6847,3.0172,-0.32211,NA,NA,-0.6133,1
TCGA-BF-AAOU-01,Primary Tumor,6.9858,8.8293,4.0109,11.2528,9.9623,5.2364,4.6907,6.3279,7.3382,4.5315,5.1513,5.0135,9.7512,5.7519,0.31007,NA,NA,0.68936,1
TCGA-EB-A3XC-01,Primary Tumor,6.3855,9.0884,5.8446,12.3810,2.9392,5.0585,5.0361,5.7780,7.2318,4.6796,2.6161,3.9417,8.8332,6.1242,-0.088001,NA,NA,-0.51198,1
TCGA-EE-A2GD-06,Metastatic,5.7877,10.5705,4.2398,12.9290,11.9766,2.2428,4.2147,5.0566,8.3133,3.9536,5.6174,4.6528,11.4330,4.6145,NA,NA,NA,NA,0
TCGA-EB-A431-01,Primary Tumor,5.5445,7.5074,5.9620,10.4152,3.4018,0.0000,4.2353,5.0143,5.8024,2.9116,5.0143,2.0161,7.9772,6.9704,-0.2357,NA,NA,0.026242,1
TCGA-D3-A51J-06,Metastatic,11.1537,11.7701,8.5046,12.9142,7.9223,6.4111,9.5102,10.4775,9.6845,9.1151,6.1488,5.0325,10.6549,7.7941,NA,NA,NA,NA,0
TCGA-ER-A2ND-06,Metastatic,7.3733,9.6723,6.4716,12.4980,5.3918,0.5174,4.1558,7.3956,7.3506,5.4211,3.5589,2.5224,9.4420,6.2160,-0.3149,NA,NA,-0.46351,1
TCGA-D3-A3CE-06,Metastatic,10.4602,11.0991,6.1681,12.5192,6.4804,6.9895,8.5411,9.1996,8.7759,7.9710,5.9450,4.4061,10.7178,6.8374,-0.046335,NA,NA,0.21881,1
TCGA-ER-A19K-01,Primary Tumor,7.2640,9.3226,5.4408,11.9438,3.2961,0.4215,5.7801,6.2218,7.2512,5.0982,5.5695,2.8294,10.4544,6.7981,-0.2632,NA,NA,-0.39372,1
TCGA-QB-A6FS-06,Metastatic,9.9656,11.6789,8.3420,13.0996,7.5843,7.9888,7.9491,10.3852,9.3986,8.6729,3.8305,3.4297,10.9456,6.1760,0.26059,NA,NA,-0.39377,1
TCGA-EB-A5KH-06,Metastatic,4.7415,9.3285,5.8777,11.2352,3.5084,4.6738,3.8569,3.4343,5.6802,3.7945,1.1546,1.1546,10.8477,1.5056,-0.43058,NA,NA,-0.67719,1
TCGA-FS-A1ZU-06,Metastatic,3.4758,9.2908,2.0855,11.5822,5.2270,0.0000,0.8560,3.4758,7.2448,1.9393,1.7783,3.3090,8.7921,0.8560,-0.79295,NA,NA,-0.41535,1
TCGA-ER-A1A1-06,Metastatic,9.1843,12.5756,9.4730,12.6838,6.9000,11.5998,10.2527,9.1671,9.4337,9.5978,6.0383,5.5266,11.6852,8.9533,-0.22405,NA,NA,0.46307,1
TCGA-EE-A2MQ-06,Metastatic,7.1316,9.5416,5.0076,11.8585,10.0537,1.7682,5.5878,5.2657,7.6141,4.7616,6.0661,3.5850,9.7712,8.8366,NA,NA,NA,NA,0
TCGA-FS-A1ZA-06,Metastatic,7.8365,9.9705,5.0067,14.0265,1.4849,4.8219,6.3983,7.8664,8.1207,6.4338,5.2203,3.0349,8.7939,5.1367,0.0003413,NA,NA,0.34409,1
TCGA-GN-A4U3-06,Metastatic,5.3564,8.4653,3.4306,10.8574,2.9751,1.1448,2.6435,3.4716,6.2573,2.4438,4.7462,2.9751,8.7702,5.6741,NA,NA,NA,NA,0
TCGA-DA-A1I4-06,Metastatic,6.0896,11.0543,5.5829,13.5737,7.0197,0.4465,3.9883,4.1444,10.5280,3.0451,5.0408,5.3151,10.7638,2.7663,0.15092,NA,NA,-0.090557,1
TCGA-3N-A9WB-06,Metastatic,2.8996,6.7553,2.6606,8.8296,4.7027,0.4894,0.8542,2.6439,4.7467,1.3871,3.5237,0.8542,9.8534,6.3102,NA,NA,NA,NA,0
TCGA-W3-AA1Q-06,Metastatic,9.0440,9.8980,5.7687,11.0244,2.9052,4.1066,7.6866,7.1734,7.6636,6.7417,6.5799,4.0131,9.1019,6.2718,0.39322,NA,NA,-0.18301,1
TCGA-EE-A2MT-06,Metastatic,6.8202,7.7792,5.9743,12.2222,8.0148,3.9791,5.1482,6.2020,6.1694,4.3710,4.4271,5.5017,10.2670,3.8205,-0.15604,NA,NA,-0.27955,1
TCGA-WE-A8K6-06,Metastatic,5.5422,9.2895,3.3017,11.0206,9.1913,0.5246,2.4288,6.0516,7.1110,2.0247,2.3063,3.5803,11.7031,3.0027,-0.53652,NA,NA,0.42157,1
TCGA-FS-A1Z3-06,Metastatic,5.3224,8.7211,4.6066,9.7020,8.4753,1.4244,3.7387,4.0388,5.8220,2.3813,3.5441,2.4570,8.1635,5.8220,-0.17104,NA,NA,-0.052639,1
TCGA-EE-A3AA-06,Metastatic,8.5913,10.9011,7.5463,12.1438,5.7197,8.5099,7.7298,8.5099,8.0420,6.9199,5.2184,3.1925,10.7151,5.3823,-0.040618,NA,NA,-0.39176,1
TCGA-D3-A2JB-06,Metastatic,9.9989,11.7094,8.2254,12.0723,5.3615,10.9057,9.2265,9.5695,8.8999,8.7844,4.8947,4.7228,10.7198,7.5432,NA,NA,NA,NA,0
TCGA-D3-A2J9-06,Metastatic,12.5987,12.3072,8.4792,13.1739,5.4663,9.0471,10.8871,12.0362,10.3910,10.3604,6.9748,6.2566,11.2450,8.1100,NA,NA,NA,NA,0
TCGA-FS-A1ZD-06,Metastatic,9.6957,9.4852,3.1015,10.3428,12.4786,0.4234,1.2415,4.6950,7.9199,1.0168,2.6911,2.6911,10.7982,1.0168,-0.54965,NA,NA,0.091564,1
TCGA-WE-A8JZ-06,Metastatic,7.1290,8.4962,4.5352,10.7038,2.6948,3.1011,5.4854,5.0262,6.2472,4.8478,4.1230,2.3817,9.6595,4.3486,-0.12323,NA,NA,0.20089,1
TCGA-FR-A3YN-06,Metastatic,9.3701,10.0304,6.3168,11.3367,8.0866,4.3365,7.5076,7.6523,7.9441,7.2031,6.4924,3.5203,8.4080,6.0354,-0.034554,NA,NA,0.15817,1
TCGA-D3-A8GN-06,Metastatic,10.3935,10.3077,7.1353,11.5742,4.6973,7.8242,8.3150,9.6207,8.7562,7.9083,6.2661,4.8750,11.4272,7.1798,0.44499,NA,NA,0.24912,1
TCGA-EB-A5SH-06,Metastatic,7.0619,9.9605,6.7730,11.4359,8.0592,6.7865,5.5202,5.6295,5.9754,5.4367,2.4967,2.2054,9.5874,2.9463,-0.31695,NA,NA,-0.77656,1
TCGA-EE-A3JD-06,Metastatic,10.2404,12.2173,7.8706,12.2297,9.7410,9.7964,9.3427,9.8132,10.2243,7.7867,6.6454,6.4502,10.3638,7.5434,0.58737,NA,NA,-0.066829,1
TCGA-WE-A8ZO-06,Metastatic,9.4220,10.9546,5.3659,12.5350,10.2122,1.3908,7.3363,8.4182,8.9804,7.4207,5.9120,3.8051,10.3755,6.2173,-0.29516,NA,NA,0.89512,1
TCGA-EE-A180-06,Metastatic,6.4836,8.7260,4.5690,10.6401,8.7143,0.9329,4.5685,6.1982,6.8294,4.1675,5.2352,2.6209,9.2486,6.3399,-0.33034,NA,NA,-0.62987,1
TCGA-EB-A82C-01,Primary Tumor,3.4230,7.3933,4.4631,8.4413,1.6828,1.2180,2.5516,3.5912,5.1310,2.0337,2.4385,0.5282,10.5811,2.0337,-0.063138,NA,NA,0.16228,1
TCGA-EB-A5SE-01,Primary Tumor,6.3322,7.5738,3.7113,11.9066,6.2316,1.0601,4.0490,4.6980,5.5414,3.4283,4.9211,2.4169,10.3597,2.5114,-0.23022,NA,NA,-0.54869,1
TCGA-ER-A19B-06,Metastatic,6.7475,8.5933,2.8700,10.6780,11.7719,0.0000,5.4364,5.2253,8.7710,2.5495,5.1427,1.2552,9.2597,9.3915,0.22743,NA,NA,-0.10677,1
TCGA-WE-AAA3-06,Metastatic,9.8730,11.1899,5.3026,12.7433,10.1339,2.6001,6.8065,9.6087,9.3165,7.5955,6.1584,3.4150,10.4257,6.2830,0.15172,NA,NA,0.33186,1
TCGA-W3-AA1V-06,Metastatic,7.0018,10.2964,4.8271,12.2892,12.3462,0.8075,6.0172,6.9546,8.4796,4.9890,9.0102,4.5317,12.2934,5.3491,NA,NA,NA,NA,0
TCGA-GN-A267-06,Metastatic,9.7214,9.8285,7.0261,10.8988,8.7146,2.8479,7.5227,8.5188,8.4385,6.9513,3.1794,3.9891,8.8272,5.9193,-0.012031,NA,NA,-0.74743,1
TCGA-EB-A3XF-01,Primary Tumor,6.5710,10.0284,5.1297,12.7050,3.3739,0.4928,3.3739,6.1257,7.8949,3.0584,6.4006,3.7682,10.0874,3.6792,0.42537,NA,NA,0.14729,1
TCGA-EE-A2M5-06,Metastatic,9.3630,9.6000,4.1144,12.1603,12.2418,2.1661,7.2011,8.7127,8.2811,6.2934,9.5458,3.4744,12.5535,4.9540,0.20176,NA,NA,-0.41553,1
TCGA-EB-A51B-01,Primary Tumor,6.9911,7.4478,5.2320,10.7630,5.3406,0.0000,5.1365,6.4845,5.8210,4.5561,4.4828,2.1684,7.7688,4.4575,NA,NA,NA,NA,0
TCGA-EB-A42Z-01,Primary Tumor,7.0205,8.9219,5.2495,11.1703,10.1377,0.0000,5.3814,5.7878,6.9768,4.3936,4.3022,2.6244,9.8424,4.0723,-0.13817,NA,NA,1.2481,1
TCGA-EB-A6QY-01,Primary Tumor,5.9398,7.7557,4.5758,13.3735,3.0304,1.0923,4.5634,4.8354,6.2782,3.9034,3.9744,2.5622,8.6422,7.2076,-0.11791,NA,NA,-0.33561,1
TCGA-ER-A2NE-06,Metastatic,1.7614,7.0624,3.1377,9.6987,1.8832,0.6759,0.6759,2.6039,3.8525,0.6759,3.0823,0.0000,8.8768,7.9839,-0.51903,NA,NA,-0.56938,1
TCGA-GN-A8LN-01,Primary Tumor,5.8174,9.5210,3.8217,10.6132,10.6553,1.8305,4.3036,5.8917,7.8036,3.4329,4.3036,3.3749,10.7358,3.9127,-0.26956,NA,NA,-0.024765,1
TCGA-EB-A85I-01,Primary Tumor,10.1200,9.3580,6.1601,12.2127,6.0872,0.6668,8.2956,9.7033,8.5766,8.2601,5.3767,3.5332,10.1245,6.9724,0.27478,NA,NA,0.068335,1
TCGA-ER-A3ET-06,Metastatic,6.4009,11.1840,7.4207,13.0502,4.4919,5.7005,6.4919,5.4919,9.0471,5.2095,5.7549,4.4919,11.5990,5.1085,0.019868,NA,NA,0.12617,1
TCGA-EB-A3XB-01,Primary Tumor,7.7570,9.5454,5.5235,12.2446,7.3698,1.3531,6.1955,6.8341,7.7149,5.5140,6.2481,4.5572,8.0640,5.4254,0.26237,NA,NA,0.50668,1
TCGA-YG-AA3P-06,Metastatic,5.9355,8.4289,3.6281,9.7488,9.9002,2.7783,4.2566,5.0194,6.2401,3.3301,1.3776,2.0692,7.6107,2.8862,-0.063288,NA,NA,-0.069067,1
TCGA-EB-A6R0-01,Primary Tumor,9.9686,9.4733,5.6955,11.0041,11.1567,2.0986,7.7174,9.8131,9.0970,7.1109,8.1778,4.8368,8.7779,6.2072,0.20625,NA,NA,-0.096935,1
TCGA-EE-A29C-06,Metastatic,5.6181,9.9527,5.8964,14.0432,4.4962,3.5923,4.0907,4.5986,7.7631,3.7188,3.8900,3.7188,10.8367,6.5101,1.2689,NA,NA,0.49031,1
TCGA-GN-A263-01,Primary Tumor,7.4088,9.7901,4.2859,13.8147,4.5274,1.1767,5.4755,4.5663,8.0943,1.8161,5.7535,2.4362,6.5298,5.5355,-0.065585,NA,NA,1.2009,1
TCGA-DA-A1I1-06,Metastatic,9.1583,11.2444,6.1109,12.6431,5.1089,4.9201,7.3665,9.0318,9.3451,7.1108,6.6857,4.2471,11.4132,6.5125,NA,NA,NA,NA,0
TCGA-GF-A6C9-06,Metastatic,8.9765,12.7835,7.4212,13.9671,5.7546,10.0753,7.9453,9.6518,10.2910,7.9022,4.5356,4.0355,12.0205,7.1203,0.58361,NA,NA,-0.27329,1
TCGA-D9-A6EC-06,Metastatic,4.2729,8.5657,6.1137,11.9312,8.8443,0.9744,3.4126,5.8956,7.2676,3.4972,4.2487,2.7632,8.0761,5.0088,0.16996,NA,NA,-0.30353,1
TCGA-D3-A2JE-06,Metastatic,4.1471,7.1066,3.2815,9.8182,6.5980,4.4694,3.0885,4.2282,5.0915,2.4424,0.7505,0.4235,8.6470,2.7656,-0.47937,NA,NA,-0.75926,1
TCGA-ER-A42L-06,Metastatic,10.5839,12.0155,5.2812,13.1572,10.4335,5.7013,8.6814,10.1361,10.0058,8.1445,6.3249,7.1329,10.7872,6.7280,0.58302,NA,NA,-0.38847,1
TCGA-D3-A3MV-06,Metastatic,4.4803,9.2098,1.8035,11.3797,10.4706,0.0000,2.7805,4.9091,7.2103,2.3269,2.6446,4.1191,11.1255,6.0820,-0.044371,NA,NA,-0.69765,1
TCGA-ER-A2NG-06,Metastatic,11.2021,11.2458,7.2140,13.6663,2.0715,2.6419,8.7293,10.1737,10.1410,8.6331,7.5852,4.3168,11.3785,8.0694,0.9284,NA,NA,-0.38252,1
TCGA-EB-A5FP-01,Primary Tumor,3.4111,6.4220,3.7297,10.8482,0.4139,0.0000,2.1122,2.7333,4.5194,1.4123,4.1389,2.2190,9.5888,8.2918,-0.26925,NA,NA,-0.47106,1
TCGA-DA-A95V-06,Metastatic,9.4918,11.0184,5.6728,12.3941,8.6083,7.4493,7.7805,9.0897,8.2166,7.2687,7.3705,2.1098,10.1015,5.7741,0.43442,NA,NA,-0.0065295,1
TCGA-D3-A1QB-06,Metastatic,11.9624,11.6455,7.5772,12.6531,5.1894,6.5220,9.5639,11.3903,10.4122,10.0453,6.9171,5.1770,10.4122,7.5433,0.29781,NA,NA,-0.11102,1
TCGA-YG-AA3N-01,Primary Tumor,11.2945,11.6517,6.6317,13.8286,6.0357,3.3767,8.9583,10.7020,9.0483,9.6459,5.2686,3.7761,10.9097,6.8423,NA,NA,NA,NA,0
TCGA-D3-A51T-06,Metastatic,7.5582,9.6238,5.7793,11.0784,2.3248,6.2797,6.3699,7.0204,7.6618,6.1225,4.8364,2.8104,10.6892,6.5271,0.73014,NA,NA,-0.5829,1
TCGA-EB-A4OZ-01,Primary Tumor,10.2412,11.5074,7.9739,11.9191,5.4626,2.6501,7.2916,11.0047,9.2621,8.6481,4.1465,4.9497,11.6763,6.5715,0.004617,NA,NA,0.20006,1
TCGA-EB-A97M-01,Primary Tumor,8.3495,10.3920,6.7630,14.1895,2.4235,1.0643,6.4908,8.5788,8.2023,6.6869,5.3321,2.4235,12.3046,6.1902,0.50816,NA,NA,-0.19484,1
TCGA-OD-A75X-06,Metastatic,5.4190,9.1824,4.4041,11.1888,10.6826,0.6993,4.5127,5.7215,7.2794,4.6264,5.4808,2.3374,10.1109,3.8798,0.12973,NA,NA,-0.078057,1
TCGA-EE-A3J5-06,Metastatic,9.6142,10.7737,6.4797,12.4361,9.9940,5.0004,7.8854,8.9673,9.1031,7.9780,6.1116,3.4883,10.0152,6.4006,NA,NA,NA,NA,0
TCGA-ER-A42K-06,Metastatic,4.7843,8.5800,4.0435,10.5397,12.6337,3.7319,4.1413,3.6432,7.4512,1.5762,3.8556,1.9163,8.1047,3.0927,-0.22114,NA,NA,-0.23173,1
TCGA-FR-A726-01,Primary Tumor,4.2756,8.3587,4.7828,10.6097,7.6741,0.0000,3.7604,4.8200,6.5127,2.5603,3.2588,2.8324,9.0540,3.6238,0.031986,NA,NA,0.12673,1
TCGA-D9-A3Z4-01,Primary Tumor,8.1885,10.2721,6.1078,11.4423,10.0217,4.6178,6.7949,7.3502,8.1751,5.8806,5.1442,3.5141,9.5997,5.8519,-0.20667,NA,NA,-0.11861,1
TCGA-ER-A2NC-06,Metastatic,7.6748,11.4944,5.5584,12.5196,11.7582,1.8491,4.9958,6.2446,9.9851,4.2644,6.8920,5.8318,11.4962,3.2904,-0.4851,NA,NA,-0.0060073,1
TCGA-EE-A2MK-06,Metastatic,9.9442,11.3614,6.6155,12.5968,12.0564,4.1755,7.6937,8.3754,9.0460,6.8937,6.6813,5.0853,9.7160,5.2599,0.42415,NA,NA,0.24239,1
TCGA-HR-A2OG-06,Metastatic,7.7823,10.9328,7.3308,12.1884,11.8429,7.2085,6.8781,7.0414,8.7296,5.7635,6.0297,5.3049,11.1006,7.2285,NA,NA,NA,NA,0
TCGA-EB-A24D-01,Primary Tumor,6.2813,9.1314,5.4639,9.9460,9.7828,4.9359,6.0308,6.0757,6.7513,5.3675,3.7436,2.3594,8.5182,5.4264,-0.31489,NA,NA,-0.59815,1
TCGA-EB-A41B-01,Primary Tumor,8.0351,8.2509,5.4954,12.8541,4.4104,1.2763,5.8101,7.1476,6.8291,6.3077,4.6742,1.8027,7.3962,4.3362,-0.074341,NA,NA,-0.4098,1
TCGA-EB-A4IQ-01,Primary Tumor,4.6658,8.1016,4.8139,10.2974,2.4917,0.0000,3.3574,3.4153,5.3102,2.5957,4.0491,4.0120,10.5107,3.1679,0.10445,NA,NA,0.3638,1
TCGA-BF-A1PZ-01,Primary Tumor,7.1105,8.6550,5.7128,12.3635,7.0486,0.6880,5.1132,7.6210,6.7085,5.5209,4.4448,1.7843,9.3591,4.3398,-0.016713,NA,NA,0.12185,1
TCGA-ER-A3EV-06,Metastatic,9.0343,10.5804,5.7099,12.5797,8.5387,7.5337,7.2400,8.1042,8.3250,4.9872,3.6295,3.9809,8.8113,5.7674,NA,NA,NA,NA,0
TCGA-D3-A5GL-06,Metastatic,4.8004,7.7379,3.3272,14.3467,3.5339,0.0000,2.5569,4.3313,6.1907,3.2552,4.3019,1.3941,9.3858,1.6018,NA,NA,NA,NA,0
TCGA-EE-A2MJ-06,Metastatic,10.9635,11.6499,7.7995,12.2117,4.4041,9.0454,9.6514,10.4659,9.7051,8.8050,6.5298,5.0671,10.6142,7.9228,0.1658,NA,NA,-0.081262,1
TCGA-GN-A4U8-11,Solid Tissue Normal,11.4883,12.4513,8.4748,13.3347,3.9766,10.2586,10.0326,10.5151,10.3827,8.9640,6.6370,5.4044,10.9064,8.1479,NA,NA,NA,NA,0
TCGA-ER-A19M-06,Metastatic,10.5181,10.8677,5.4227,12.5208,4.8578,1.3179,8.3006,8.7971,9.3586,8.3040,9.9357,4.3246,10.4692,7.7399,1.3529,NA,NA,-0.29801,1
TCGA-RP-A693-06,Metastatic,9.2873,11.6547,5.0402,12.5920,5.0085,6.6623,6.9800,8.7221,8.7800,6.9355,5.2997,5.8841,10.4813,5.8243,1.1152,NA,NA,-1.092,1
TCGA-D3-A8GJ-06,Metastatic,11.7234,11.5009,6.8218,12.5506,8.5611,5.6970,9.1131,11.6454,9.8069,8.9027,7.3751,5.7836,10.3725,8.7590,NA,NA,NA,NA,0
TCGA-EB-A3XD-01,Primary Tumor,8.9487,11.6011,8.3125,12.4689,6.0168,3.6865,7.6511,6.8811,8.3376,6.0028,5.2668,2.2479,10.8652,5.4221,0.2099,NA,NA,-0.73408,1
TCGA-WE-A8ZQ-06,Metastatic,2.5463,8.0479,4.4166,9.4718,10.1008,0.5262,1.8643,2.5463,5.7141,1.2144,2.3107,0.0000,9.0464,0.9110,-0.3075,NA,NA,0.12199,1
TCGA-YG-AA3O-06,Metastatic,8.2487,9.3298,5.0731,11.4130,2.7540,3.0765,6.1282,6.2989,7.5770,5.8441,3.8599,3.9883,9.4448,9.9398,0.086772,NA,NA,-0.25781,1
TCGA-EE-A2GE-06,Metastatic,11.0954,12.0911,6.4484,13.6759,3.5705,7.5728,8.9224,10.2518,10.0744,9.0258,6.6529,5.5516,11.2915,7.2183,NA,NA,NA,NA,0
TCGA-ER-A19J-06,Metastatic,7.3690,9.8014,3.5257,11.7839,10.5514,0.7790,5.3733,5.7351,8.2674,4.6429,4.9903,2.7500,10.6783,3.2068,-0.38268,NA,NA,0.0074238,1
TCGA-ER-A197-06,Metastatic,10.7574,11.8733,5.8469,13.1462,7.9396,2.2930,7.9718,10.0393,9.7284,8.2317,5.2794,6.2311,11.7549,6.8734,-0.41778,NA,NA,-0.31789,1
TCGA-GN-A26A-06,Metastatic,8.6502,11.4038,4.9717,13.9703,10.2657,0.0000,6.4945,7.9591,9.5196,5.9175,5.5104,8.3699,11.4005,7.5543,0.23946,NA,NA,0.67263,1
TCGA-EB-A3Y7-01,Primary Tumor,3.2160,7.5911,6.8452,14.1989,6.2825,1.4106,2.5790,4.3468,5.1405,2.4390,4.5306,1.6831,10.3820,8.6875,-0.062913,NA,NA,0.55385,1
TCGA-D9-A3Z1-06,Metastatic,10.0939,11.0104,5.6648,13.2650,3.3470,6.6714,8.3219,9.5132,9.4710,7.8378,5.5341,4.8613,9.8398,6.8775,0.21784,NA,NA,-0.43429,1
TCGA-FR-A8YE-06,Metastatic,8.6217,12.4587,8.6859,11.6981,9.3837,9.1585,8.7255,6.9423,9.3575,7.0069,5.9208,4.3734,11.2901,8.0216,-0.024551,NA,NA,0.37368,1
TCGA-EB-A550-01,Primary Tumor,6.3142,8.8914,5.1350,10.7712,10.0839,0.9827,4.1764,6.8234,5.9314,4.5515,5.3753,2.6710,10.5369,4.9662,-0.016429,NA,NA,0.036584,1
TCGA-FS-A1YY-06,Metastatic,3.9164,9.2179,0.8251,11.2934,3.0317,0.0000,1.6092,2.8384,7.1548,2.0272,2.9857,3.2803,10.7660,1.3437,NA,NA,NA,NA,0
TCGA-D3-A2JN-06,Metastatic,9.9403,10.2535,7.5382,10.7912,9.7821,7.5589,7.8109,8.7740,8.2564,6.9313,2.6899,2.5625,10.1178,6.3230,-0.27281,NA,NA,0.014554,1
TCGA-BF-A5EQ-01,Primary Tumor,8.9657,10.1572,6.8225,11.7230,5.6682,6.2100,7.3037,7.7054,7.9622,7.1344,5.0788,4.3392,9.4758,5.7526,-0.18318,NA,NA,-0.036186,1
TCGA-EE-A2A0-06,Metastatic,9.2940,11.4391,5.9816,13.4769,5.3268,6.4426,7.8669,6.8361,9.6730,3.3906,5.7803,5.7328,9.8278,6.5651,0.044091,NA,NA,0.77209,1
TCGA-BF-AAP8-01,Primary Tumor,7.6295,9.5032,4.9347,11.2881,6.7941,0.6973,5.1621,7.8746,6.5956,5.4759,4.7931,3.0803,8.5820,4.5468,-0.18511,NA,NA,-0.17253,1
TCGA-D3-A51N-06,Metastatic,7.7570,10.6528,6.6487,13.2418,11.5352,6.6283,6.2423,7.4708,8.3932,6.3682,5.7477,4.7065,11.0496,5.8919,0.73764,NA,NA,-0.39556,1
TCGA-RP-A6K9-06,Metastatic,9.8998,10.5519,6.2204,12.1463,4.6295,0.8745,7.1817,8.6004,8.6699,7.3643,6.0445,3.7098,10.3000,6.0536,2.3172,NA,NA,0.35756,1
TCGA-ER-A19C-06,Metastatic,4.9765,8.9736,4.6731,11.9457,6.5356,0.0000,2.7523,3.6410,6.8727,2.4069,3.8348,2.4069,10.9325,8.0456,-0.27652,NA,NA,-0.3338,1
TCGA-EE-A2MG-06,Metastatic,9.8803,12.0669,8.5143,11.6005,5.0794,9.6603,8.8746,7.3372,8.9031,7.9291,5.7788,3.9755,11.0634,6.9251,NA,NA,NA,NA,0
TCGA-DA-A1HY-06,Metastatic,5.0350,8.4395,3.8833,11.1314,8.0551,0.3200,3.7459,5.2852,7.0937,3.0789,5.3656,2.9457,9.8061,8.5011,-0.0079012,NA,NA,-0.31421,1
TCGA-ER-A2NF-01,Primary Tumor,9.4000,10.9022,7.8900,11.4965,4.5843,7.3198,8.1445,8.1518,8.0479,7.6282,5.7204,3.9752,9.8356,5.3274,0.43178,NA,NA,-0.76695,1
TCGA-D3-A2J8-06,Metastatic,10.9547,11.4178,7.8425,13.1820,6.0385,7.2855,9.1945,10.8682,9.8138,7.8162,8.6359,5.6116,12.4121,7.7477,1.3257,NA,NA,-0.098283,1
TCGA-GN-A266-06,Metastatic,9.7266,12.4399,6.9890,12.9100,5.0580,4.3353,7.7932,8.9339,10.0548,6.6721,7.3832,4.9832,12.4663,6.6384,-0.11032,NA,NA,0.067657,1
TCGA-W3-AA1O-06,Metastatic,4.5714,8.3702,4.6671,12.8316,4.1478,2.0714,3.1423,3.4071,6.3909,2.4922,4.1185,3.3579,8.5739,6.2429,0.091236,NA,NA,-0.41485,1
TCGA-WE-A8ZR-06,Metastatic,7.1008,9.0630,5.2738,12.8617,7.7883,6.9059,5.8517,5.6484,6.7929,5.2010,4.3840,3.3782,11.1095,4.8496,-0.31359,NA,NA,-0.14201,1
TCGA-FS-A1ZN-01,Primary Tumor,5.1709,7.1467,4.4057,10.0046,1.8943,0.0000,2.8153,4.4485,5.5606,3.0438,4.9771,3.0956,10.0664,2.8153,-0.46882,NA,NA,-0.31703,1
TCGA-EE-A29S-06,Metastatic,8.6524,10.2608,6.3370,12.3188,3.3733,2.3863,7.0714,7.3663,8.3738,6.0163,4.1871,4.5266,10.2785,5.4755,-0.062521,NA,NA,-0.089366,1
TCGA-XV-A9VZ-01,Primary Tumor,4.5289,7.7848,5.7347,8.3666,8.6175,0.0000,3.5901,4.8713,5.0162,3.6420,2.1807,0.5278,10.3844,2.6554,-0.20189,NA,NA,-0.0054823,1
TCGA-FR-A8YD-06,Metastatic,6.5505,9.8992,4.8981,12.0404,10.3362,3.5400,4.5144,5.8942,6.9036,4.1803,3.8665,2.5174,9.7169,3.3016,-0.13247,NA,NA,-0.19846,1
TCGA-EE-A3JB-06,Metastatic,6.6068,11.0590,6.6497,12.1521,9.4273,0.6790,6.3062,6.0620,8.7647,4.7626,4.9566,5.7838,10.4878,6.7746,NA,NA,NA,NA,0
TCGA-EE-A182-06,Metastatic,6.9866,11.5092,6.4944,13.5586,7.2913,2.5008,3.7132,7.4801,7.8384,6.5360,2.9981,4.2610,13.0180,6.7322,-0.054936,NA,NA,0.46636,1
TCGA-FS-A4F0-06,Metastatic,3.2051,7.5022,2.9088,12.2149,0.3714,0.0000,1.9769,4.7463,4.6652,1.3035,5.8498,1.9769,9.6758,0.6666,NA,NA,NA,NA,0
TCGA-GN-A4U5-01,Primary Tumor,10.7985,10.4661,7.1287,10.8552,10.2241,0.8682,8.8414,10.0289,9.6251,8.8218,7.5980,4.3208,9.7473,8.0026,NA,NA,NA,NA,0
TCGA-EE-A2GC-06,Metastatic,10.3466,11.0445,5.3427,11.9381,10.5908,5.2033,8.5494,9.3830,9.7045,7.5007,6.0534,5.3372,10.7434,10.2070,0.11629,NA,NA,-0.48339,1
TCGA-FR-A44A-06,Metastatic,11.7733,11.9601,6.6228,13.3407,4.9134,2.4292,9.5460,10.9670,10.4410,9.2616,7.8553,6.7230,10.4051,7.0677,0.75463,NA,NA,-0.31169,1
TCGA-EB-A82B-01,Primary Tumor,8.9058,10.0102,5.8122,11.5370,9.6828,5.3150,7.1107,9.1138,8.3761,7.0263,5.6695,3.2895,10.3633,6.3136,0.2904,NA,NA,0.037507,1
TCGA-FR-A2OS-01,Primary Tumor,2.2150,8.9832,4.4028,12.1075,3.0046,0.0000,2.1318,2.5714,6.7542,1.6237,2.7494,2.2150,10.0797,2.8570,NA,NA,NA,NA,0
TCGA-EB-A5VV-06,Metastatic,10.7616,13.0361,9.3068,11.7974,5.7747,11.6669,10.0228,8.5208,9.1985,8.8715,6.2099,4.9169,11.7473,8.8679,-0.15301,NA,NA,0.35192,1
TCGA-FW-A3R5-06,Metastatic,6.9936,9.4996,5.9306,11.9820,2.6768,6.1592,6.1994,5.7531,7.7511,5.1175,4.5601,3.2878,8.9422,6.3501,NA,NA,NA,NA,0
TCGA-D3-A3MR-06,Metastatic,11.0079,12.6705,7.3058,12.0657,11.2973,8.4374,8.7742,10.5127,9.5793,8.5324,5.8327,3.6518,10.2925,7.9111,0.84368,NA,NA,-0.38342,1
TCGA-D3-A51E-06,Metastatic,9.5699,10.7036,5.2132,12.1348,1.6543,4.3757,7.7361,9.1267,9.1133,7.8152,6.1237,3.9237,9.9251,6.9272,0.55528,NA,NA,-0.40482,1
TCGA-GN-A4U7-06,Metastatic,2.9228,7.2179,3.9723,12.4849,1.3330,1.3330,1.8205,2.6003,4.7991,1.5972,4.2268,2.9228,9.5062,7.2179,-0.018318,NA,NA,0.073705,1
TCGA-D3-A51R-06,Metastatic,1.7643,6.1001,3.7110,7.3104,8.1678,1.7643,0.5650,5.5256,4.4966,0.9700,0.5650,1.5448,9.8915,2.5346,NA,NA,NA,NA,0
