sample,L1_infiltration,L2_suppression,phenotype
TCGA-3N-A9WB-06,-1.722,-1.271,Cold-Desert
TCGA-3N-A9WC-06,0.554,1.017,Hot-Suppressed
TCGA-3N-A9WD-06,0.166,0.244,Hot-Suppressed
TCGA-BF-A1PU-01,-1.131,-1.787,Cold-Desert
TCGA-BF-A1PV-01,-1.43,-1.292,Cold-Desert
TCGA-BF-A1PX-01,0.661,0.882,Hot-Suppressed
TCGA-BF-A1PZ-01,-0.344,-0.477,Cold-Desert
TCGA-BF-A1Q0-01,0.224,-0.057,Hot-Active
TCGA-BF-A3DJ-01,-0.062,-0.017,Cold-Desert
TCGA-BF-A3DL-01,-0.776,-0.584,Cold-Desert
TCGA-BF-A3DM-01,-0.168,-0.808,Cold-Desert
TCGA-BF-A3DN-01,-0.64,-0.796,Cold-Desert
TCGA-BF-A5EO-01,-0.244,0.097,Suppressed-Cold
TCGA-BF-A5EP-01,-0.813,-0.693,Cold-Desert
TCGA-BF-A5EQ-01,0.206,0.167,Hot-Suppressed
TCGA-BF-A5ER-01,-1.04,-0.866,Cold-Desert
TCGA-BF-A5ES-01,-0.195,-0.212,Cold-Desert
TCGA-BF-AAP0-06,1.314,0.949,Hot-Suppressed
TCGA-D3-A1Q1-06,-0.781,-1.205,Cold-Desert
TCGA-D3-A1Q3-06,0.154,0.451,Hot-Suppressed
TCGA-D3-A1Q4-06,-0.107,-0.343,Cold-Desert
TCGA-D3-A1Q5-06,-0.754,-0.756,Cold-Desert
TCGA-D3-A1Q6-06,-0.461,-0.194,Cold-Desert
TCGA-D3-A1Q7-06,0.968,1.351,Hot-Suppressed
TCGA-D3-A1Q8-06,0.15,-0.165,Hot-Active
TCGA-D3-A1Q9-06,0.188,0.115,Hot-Suppressed
TCGA-D3-A1QA-06,-0.44,0.035,Suppressed-Cold
TCGA-D3-A1QB-06,0.748,1.2,Hot-Suppressed
TCGA-D3-A2J6-06,-0.312,0.329,Suppressed-Cold
TCGA-D3-A2J7-06,0.128,0.137,Hot-Suppressed
TCGA-D3-A2J8-06,0.843,1.377,Hot-Suppressed
TCGA-D3-A2J9-06,1.177,1.528,Hot-Suppressed
TCGA-D3-A2JA-06,0.581,0.734,Hot-Suppressed
TCGA-D3-A2JB-06,0.877,0.767,Hot-Suppressed
TCGA-D3-A2JC-06,0.482,0.455,Hot-Suppressed
TCGA-D3-A2JD-06,0.516,0.119,Hot-Suppressed
TCGA-D3-A2JE-06,-1.085,-1.564,Cold-Desert
TCGA-D3-A2JF-06,0.759,0.421,Hot-Suppressed
TCGA-D3-A2JG-06,-0.647,-0.655,Cold-Desert
TCGA-D3-A2JH-06,0.793,1.193,Hot-Suppressed
TCGA-D3-A2JK-06,-0.567,-0.878,Cold-Desert
TCGA-D3-A2JL-06,0.574,0.452,Hot-Suppressed
TCGA-D3-A2JN-06,0.519,0.045,Hot-Suppressed
TCGA-D3-A2JO-06,0.544,1.15,Hot-Suppressed
TCGA-D3-A2JP-06,0.495,0.367,Hot-Suppressed
TCGA-D3-A3BZ-06,0.628,0.757,Hot-Suppressed
TCGA-D3-A3C1-06,0.256,-0.393,Hot-Active
TCGA-D3-A3C3-06,0.089,0.067,Hot-Suppressed
TCGA-D3-A3C6-06,-1.064,-1.202,Cold-Desert
TCGA-D3-A3C7-06,0.561,0.862,Hot-Suppressed
TCGA-D3-A3C8-06,1.201,1.83,Hot-Suppressed
TCGA-D3-A3CB-06,1.589,1.535,Hot-Suppressed
TCGA-D3-A3CC-06,-0.288,-0.783,Cold-Desert
TCGA-D3-A3CE-06,0.529,0.669,Hot-Suppressed
TCGA-D3-A3CF-06,0.831,0.448,Hot-Suppressed
TCGA-D3-A3ML-06,-1.877,-2.002,Cold-Desert
TCGA-D3-A3MO-06,-0.843,-0.814,Cold-Desert
TCGA-D3-A3MR-06,1.119,0.784,Hot-Suppressed
TCGA-D3-A3MU-06,0.435,-0.052,Hot-Active
TCGA-D3-A3MV-06,-0.835,-0.495,Cold-Desert
TCGA-D3-A51E-06,-0.118,0.537,Suppressed-Cold
TCGA-D3-A51F-06,1.205,1.667,Hot-Suppressed
TCGA-D3-A51G-06,-0.758,0.169,Suppressed-Cold
TCGA-D3-A51H-06,1.094,1.027,Hot-Suppressed
TCGA-D3-A51J-06,0.973,1.024,Hot-Suppressed
TCGA-D3-A51K-06,0.491,-0.044,Hot-Active
TCGA-D3-A51N-06,0.694,0.347,Hot-Suppressed
TCGA-D3-A51R-06,-1.707,-1.551,Cold-Desert
TCGA-D3-A51T-06,-0.301,0.042,Suppressed-Cold
TCGA-D3-A5GL-06,-0.79,-1.123,Cold-Desert
TCGA-D3-A5GN-06,0.062,0.243,Hot-Suppressed
TCGA-D3-A5GO-06,-0.276,0.229,Suppressed-Cold
TCGA-D3-A5GR-06,0.819,0.393,Hot-Suppressed
TCGA-D3-A5GS-06,0.142,0.456,Hot-Suppressed
TCGA-D3-A5GT-01,-1.618,-1.824,Cold-Desert
TCGA-D3-A5GU-06,0.2,-0.013,Hot-Active
TCGA-D3-A8GB-06,0.588,0.795,Hot-Suppressed
TCGA-D3-A8GC-06,-0.402,0.123,Suppressed-Cold
TCGA-D3-A8GD-06,1.169,1.326,Hot-Suppressed
TCGA-D3-A8GE-06,-0.084,0.396,Suppressed-Cold
TCGA-D3-A8GI-06,-0.535,-0.03,Cold-Desert
TCGA-D3-A8GJ-06,0.757,1.235,Hot-Suppressed
TCGA-D3-A8GK-06,-0.938,-1.052,Cold-Desert
TCGA-D3-A8GL-06,-1.661,-1.538,Cold-Desert
TCGA-D3-A8GM-06,-0.053,0.42,Suppressed-Cold
TCGA-D3-A8GN-06,0.367,0.83,Hot-Suppressed
TCGA-D3-A8GO-06,0.485,-0.294,Hot-Active
TCGA-D3-A8GP-06,-1.5,-0.898,Cold-Desert
TCGA-D3-A8GQ-06,-0.344,0.081,Suppressed-Cold
TCGA-D3-A8GR-06,-0.817,-0.948,Cold-Desert
TCGA-D3-A8GS-06,0.359,0.834,Hot-Suppressed
TCGA-D3-A8GV-06,-1.239,0.176,Suppressed-Cold
TCGA-D9-A148-06,-0.061,-0.014,Cold-Desert
TCGA-D9-A149-06,0.172,0.369,Hot-Suppressed
TCGA-D9-A1JW-06,0.666,0.54,Hot-Suppressed
TCGA-D9-A1JX-06,0.467,0.68,Hot-Suppressed
TCGA-D9-A1X3-06,-1.462,-1.408,Cold-Desert
TCGA-D9-A3Z1-06,0.362,0.639,Hot-Suppressed
TCGA-D9-A3Z3-06,0.695,0.303,Hot-Suppressed
TCGA-D9-A3Z4-01,0.195,0.033,Hot-Suppressed
TCGA-D9-A4Z2-01,-1.023,-1.08,Cold-Desert
TCGA-D9-A4Z3-01,-0.27,-0.486,Cold-Desert
TCGA-D9-A4Z5-01,-0.365,-0.673,Cold-Desert
TCGA-D9-A4Z6-06,-0.035,-0.523,Cold-Desert
TCGA-D9-A6E9-06,1.432,1.722,Hot-Suppressed
TCGA-D9-A6EA-06,-0.537,-0.394,Cold-Desert
TCGA-D9-A6EC-06,-0.443,-0.735,Cold-Desert
TCGA-D9-A6EG-06,-1.403,-0.391,Cold-Desert
TCGA-DA-A1HV-06,0.69,0.807,Hot-Suppressed
TCGA-DA-A1HW-06,0.816,0.882,Hot-Suppressed
TCGA-DA-A1HY-06,-0.815,-0.302,Cold-Desert
TCGA-DA-A1I0-06,0.448,0.092,Hot-Suppressed
TCGA-DA-A1I1-06,0.281,0.695,Hot-Suppressed
TCGA-DA-A1I2-06,0.053,-0.161,Hot-Active
TCGA-DA-A1I4-06,-0.023,-0.146,Cold-Desert
TCGA-DA-A1I5-06,0.68,0.82,Hot-Suppressed
TCGA-DA-A1I7-06,-0.107,0.45,Suppressed-Cold
TCGA-DA-A1I8-06,-0.487,-0.295,Cold-Desert
TCGA-DA-A1IA-06,-0.494,-0.625,Cold-Desert
TCGA-DA-A1IB-06,1.424,1.288,Hot-Suppressed
TCGA-DA-A1IC-06,-0.426,-0.46,Cold-Desert
TCGA-DA-A3F2-06,1.937,1.535,Hot-Suppressed
TCGA-DA-A3F3-06,-0.509,-0.506,Cold-Desert
TCGA-DA-A3F5-06,-0.461,0.031,Suppressed-Cold
TCGA-DA-A3F8-06,0.875,1.694,Hot-Suppressed
TCGA-DA-A95V-06,0.529,0.33,Hot-Suppressed
TCGA-DA-A95W-06,-0.119,-0.052,Cold-Desert
TCGA-DA-A95X-06,-0.03,-0.003,Cold-Desert
TCGA-DA-A95Y-06,-0.604,-0.606,Cold-Desert
TCGA-DA-A95Z-06,-0.689,-0.68,Cold-Desert
TCGA-EB-A1NK-01,-0.433,-0.654,Cold-Desert
TCGA-EB-A24C-01,-0.944,-1.196,Cold-Desert
TCGA-EB-A24D-01,-0.305,-0.536,Cold-Desert
TCGA-EB-A299-01,-0.268,-0.021,Cold-Desert
TCGA-EB-A3HV-01,0.028,-0.243,Hot-Active
TCGA-EB-A3XB-01,-0.187,-0.1,Cold-Desert
TCGA-EB-A3XC-01,-0.293,-0.473,Cold-Desert
TCGA-EB-A3XD-01,0.479,0.084,Hot-Suppressed
TCGA-EB-A3XE-01,-0.168,-0.224,Cold-Desert
TCGA-EB-A3XF-01,-0.448,-0.332,Cold-Desert
TCGA-EB-A3Y6-01,-0.679,-0.304,Cold-Desert
TCGA-EB-A3Y7-01,-0.351,-0.681,Cold-Desert
TCGA-EB-A41A-01,-0.626,-0.803,Cold-Desert
TCGA-EB-A41B-01,-0.389,-0.605,Cold-Desert
TCGA-EB-A42Y-01,-0.731,-0.318,Cold-Desert
TCGA-EB-A42Z-01,-0.404,-0.494,Cold-Desert
TCGA-EB-A430-01,-0.845,-0.287,Cold-Desert
TCGA-EB-A431-01,-1.029,-0.781,Cold-Desert
TCGA-EB-A44N-01,-0.124,-0.095,Cold-Desert
TCGA-EB-A44O-01,-0.501,0.012,Suppressed-Cold
TCGA-EB-A44P-01,-0.562,-0.077,Cold-Desert
TCGA-EB-A44Q-06,0.889,0.755,Hot-Suppressed
TCGA-EB-A44R-06,0.081,0.151,Hot-Suppressed
TCGA-EB-A4IQ-01,-1.2,-0.818,Cold-Desert
TCGA-EB-A4IS-01,0.634,0.728,Hot-Suppressed
TCGA-EB-A4OY-01,0.211,-0.71,Hot-Active
TCGA-EB-A4OZ-01,0.358,0.769,Hot-Suppressed
TCGA-EB-A4P0-01,-0.675,-0.404,Cold-Desert
TCGA-EB-A4XL-01,-0.24,-0.099,Cold-Desert
TCGA-EB-A551-01,0.418,1.175,Hot-Suppressed
TCGA-EB-A553-01,-0.013,-0.398,Cold-Desert
TCGA-EB-A57M-01,-0.008,-0.384,Cold-Desert
TCGA-EB-A5FP-01,-1.603,-0.973,Cold-Desert
TCGA-EB-A5KH-06,-0.514,-1.205,Cold-Desert
TCGA-EB-A5SE-01,-0.791,-0.786,Cold-Desert
TCGA-EB-A5SF-01,-0.788,-1.209,Cold-Desert
TCGA-EB-A5SG-06,1.16,1.582,Hot-Suppressed
TCGA-EB-A5SH-06,0.177,-0.774,Hot-Active
TCGA-EB-A5UL-06,0.213,0.472,Hot-Suppressed
TCGA-EB-A5UM-01,0.378,0.42,Hot-Suppressed
TCGA-EB-A5UN-06,-0.717,-0.564,Cold-Desert
TCGA-EB-A5VU-01,-0.126,-1.02,Cold-Desert
TCGA-EB-A5VV-06,1.204,1.077,Hot-Suppressed
TCGA-EB-A6L9-06,0.931,0.64,Hot-Suppressed
TCGA-EB-A6QY-01,-0.682,-0.631,Cold-Desert
TCGA-EB-A6QZ-01,-0.844,-1.175,Cold-Desert
TCGA-EB-A6R0-01,0.041,0.59,Hot-Suppressed
TCGA-EE-A17X-06,-0.284,-0.197,Cold-Desert
TCGA-EE-A17Y-06,-1.016,-0.273,Cold-Desert
TCGA-EE-A17Z-06,0.024,-1.728,Hot-Active
TCGA-EE-A180-06,-0.618,-0.402,Cold-Desert
TCGA-EE-A181-06,0.694,0.635,Hot-Suppressed
TCGA-EE-A182-06,0.304,0.21,Hot-Suppressed
TCGA-EE-A183-06,0.968,0.23,Hot-Suppressed
TCGA-EE-A184-06,-0.121,0.169,Suppressed-Cold
TCGA-EE-A185-06,-1.525,-1.733,Cold-Desert
TCGA-EE-A20B-06,0.369,0.425,Hot-Suppressed
TCGA-EE-A20C-06,-1.029,-1.335,Cold-Desert
TCGA-EE-A20F-06,0.184,0.357,Hot-Suppressed
TCGA-EE-A20H-06,-0.893,-0.52,Cold-Desert
TCGA-EE-A20I-06,-0.44,-0.022,Cold-Desert
TCGA-EE-A29A-06,-1.474,-0.756,Cold-Desert
TCGA-EE-A29B-06,-0.405,-0.209,Cold-Desert
TCGA-EE-A29C-06,-0.029,-0.283,Cold-Desert
TCGA-EE-A29D-06,-0.463,-0.911,Cold-Desert
TCGA-EE-A29E-06,-0.677,-1.441,Cold-Desert
TCGA-EE-A29G-06,0.113,-0.206,Hot-Active
TCGA-EE-A29H-06,-0.065,0.063,Suppressed-Cold
TCGA-EE-A29L-06,-1.037,-1.799,Cold-Desert
TCGA-EE-A29M-06,0.152,0.383,Hot-Suppressed
TCGA-EE-A29N-06,0.681,0.593,Hot-Suppressed
TCGA-EE-A29P-06,0.54,1.054,Hot-Suppressed
TCGA-EE-A29Q-06,-0.579,-0.912,Cold-Desert
TCGA-EE-A29R-06,-0.65,-0.637,Cold-Desert
TCGA-EE-A29S-06,-0.112,0.136,Suppressed-Cold
TCGA-EE-A29T-06,0.754,0.686,Hot-Suppressed
TCGA-EE-A29V-06,-1.038,-1.266,Cold-Desert
TCGA-EE-A29W-06,-0.714,-0.837,Cold-Desert
TCGA-EE-A29X-06,0.354,0.583,Hot-Suppressed
TCGA-EE-A2A0-06,0.507,0.349,Hot-Suppressed
TCGA-EE-A2A1-06,0.819,0.753,Hot-Suppressed
TCGA-EE-A2A2-06,0.181,-0.095,Hot-Active
TCGA-EE-A2A5-06,-0.428,-0.909,Cold-Desert
TCGA-EE-A2A6-06,0.636,0.76,Hot-Suppressed
TCGA-EE-A2GB-06,-0.618,-0.679,Cold-Desert
TCGA-EE-A2GC-06,0.469,1.012,Hot-Suppressed
TCGA-EE-A2GD-06,0.048,-0.05,Hot-Active
TCGA-EE-A2GE-06,0.738,1.12,Hot-Suppressed
TCGA-EE-A2GH-06,0.928,1.02,Hot-Suppressed
TCGA-EE-A2GI-06,0.473,0.597,Hot-Suppressed
TCGA-EE-A2GJ-06,0.444,0.481,Hot-Suppressed
TCGA-EE-A2GK-06,1.282,0.981,Hot-Suppressed
TCGA-EE-A2GL-06,0.817,0.336,Hot-Suppressed
TCGA-EE-A2GM-06,0.01,-0.414,Hot-Active
TCGA-EE-A2GN-06,-0.119,-0.782,Cold-Desert
TCGA-EE-A2GO-06,-0.594,0.211,Suppressed-Cold
TCGA-EE-A2GP-06,0.138,0.004,Hot-Suppressed
TCGA-EE-A2GR-06,-1.655,-1.983,Cold-Desert
TCGA-EE-A2GS-06,-0.176,-0.263,Cold-Desert
TCGA-EE-A2GT-06,0.787,0.326,Hot-Suppressed
TCGA-EE-A2GU-06,0.547,0.758,Hot-Suppressed
TCGA-EE-A2M5-06,0.07,0.713,Hot-Suppressed
TCGA-EE-A2M6-06,0.165,-0.036,Hot-Active
TCGA-EE-A2M7-06,0.289,-0.139,Hot-Active
TCGA-EE-A2M8-06,1.432,1.536,Hot-Suppressed
TCGA-EE-A2MC-06,0.729,1.221,Hot-Suppressed
TCGA-EE-A2MD-06,0.155,-0.136,Hot-Active
TCGA-EE-A2ME-06,1.376,1.348,Hot-Suppressed
TCGA-EE-A2MF-06,0.317,-0.028,Hot-Active
TCGA-EE-A2MG-06,0.788,0.596,Hot-Suppressed
TCGA-EE-A2MH-06,0.858,0.269,Hot-Suppressed
TCGA-EE-A2MI-06,0.476,0.392,Hot-Suppressed
TCGA-EE-A2MJ-06,0.752,1.05,Hot-Suppressed
TCGA-EE-A2MK-06,0.708,0.462,Hot-Suppressed
TCGA-EE-A2ML-06,0.682,0.53,Hot-Suppressed
TCGA-EE-A2MM-06,-0.261,-0.366,Cold-Desert
TCGA-EE-A2MN-06,0.648,0.519,Hot-Suppressed
TCGA-EE-A2MP-06,-0.005,0.399,Suppressed-Cold
TCGA-EE-A2MQ-06,-0.167,0.033,Suppressed-Cold
TCGA-EE-A2MR-06,1.261,1.18,Hot-Suppressed
TCGA-EE-A2MS-06,0.124,-0.077,Hot-Active
TCGA-EE-A2MT-06,-0.21,-0.272,Cold-Desert
TCGA-EE-A2MU-06,0.664,1.101,Hot-Suppressed
TCGA-EE-A3AA-06,0.523,0.248,Hot-Suppressed
TCGA-EE-A3AB-06,0.12,0.535,Hot-Suppressed
TCGA-EE-A3AC-06,0.181,0.335,Hot-Suppressed
TCGA-EE-A3AD-06,-1.148,-1.592,Cold-Desert
TCGA-EE-A3AE-06,0.004,0.474,Hot-Suppressed
TCGA-EE-A3AF-06,0.135,0.035,Hot-Suppressed
TCGA-EE-A3AG-06,-0.676,-0.56,Cold-Desert
TCGA-EE-A3AH-06,-0.665,-1.195,Cold-Desert
TCGA-EE-A3J3-06,0.054,-0.011,Hot-Active
TCGA-EE-A3J4-06,-0.783,-0.426,Cold-Desert
TCGA-EE-A3J5-06,0.529,0.486,Hot-Suppressed
TCGA-EE-A3J7-06,-0.561,-0.109,Cold-Desert
TCGA-EE-A3J8-06,-1.226,-1.429,Cold-Desert
TCGA-EE-A3JA-06,0.077,-0.183,Hot-Active
TCGA-EE-A3JB-06,0.069,0.256,Hot-Suppressed
TCGA-EE-A3JD-06,1.097,1.065,Hot-Suppressed
TCGA-EE-A3JE-06,1.176,1.346,Hot-Suppressed
TCGA-EE-A3JH-06,1.393,1.414,Hot-Suppressed
TCGA-EE-A3JI-06,-0.516,-0.181,Cold-Desert
TCGA-ER-A193-06,0.248,0.812,Hot-Suppressed
TCGA-ER-A194-01,-0.058,0.093,Suppressed-Cold
TCGA-ER-A195-06,0.57,1.102,Hot-Suppressed
TCGA-ER-A196-01,-1.013,-0.667,Cold-Desert
TCGA-ER-A197-06,0.488,0.983,Hot-Suppressed
TCGA-ER-A198-06,-0.393,0.422,Suppressed-Cold
TCGA-ER-A199-06,0.916,0.819,Hot-Suppressed
TCGA-ER-A19A-06,1.235,1.526,Hot-Suppressed
TCGA-ER-A19B-06,-0.674,-0.275,Cold-Desert
TCGA-ER-A19C-06,-0.673,-0.544,Cold-Desert
TCGA-ER-A19D-06,0.639,0.268,Hot-Suppressed
TCGA-ER-A19E-06,-0.08,-0.494,Cold-Desert
TCGA-ER-A19F-06,-0.722,-0.544,Cold-Desert
TCGA-ER-A19G-06,0.629,0.677,Hot-Suppressed
TCGA-ER-A19H-06,0.369,0.33,Hot-Suppressed
TCGA-ER-A19J-06,-0.312,-0.29,Cold-Desert
TCGA-ER-A19K-01,-0.557,-0.066,Cold-Desert
TCGA-ER-A19L-06,-0.529,-0.797,Cold-Desert
TCGA-ER-A19M-06,0.024,0.998,Hot-Suppressed
TCGA-ER-A19N-06,0.888,0.913,Hot-Suppressed
TCGA-ER-A19O-06,1.131,1.235,Hot-Suppressed
TCGA-ER-A19P-06,1.367,1.432,Hot-Suppressed
TCGA-ER-A19Q-06,0.276,0.686,Hot-Suppressed
TCGA-ER-A19S-06,1.042,1.472,Hot-Suppressed
TCGA-ER-A19T-01,-0.906,-1.341,Cold-Desert
TCGA-ER-A19T-06,-0.051,-0.148,Cold-Desert
TCGA-ER-A19W-06,1.146,1.396,Hot-Suppressed
TCGA-ER-A1A1-06,1.242,1.212,Hot-Suppressed
TCGA-ER-A2NB-01,0.218,0.568,Hot-Suppressed
TCGA-ER-A2NC-06,0.312,0.308,Hot-Suppressed
TCGA-ER-A2ND-06,-0.222,-0.375,Cold-Desert
TCGA-ER-A2NE-06,-1.737,-1.492,Cold-Desert
TCGA-ER-A2NF-01,0.397,0.291,Hot-Suppressed
TCGA-ER-A2NF-06,-0.21,-0.086,Cold-Desert
TCGA-ER-A2NG-06,0.369,1.114,Hot-Suppressed
TCGA-ER-A2NH-06,0.998,1.454,Hot-Suppressed
TCGA-ER-A3ES-06,-1.595,-2.34,Cold-Desert
TCGA-ER-A3ET-06,0.295,0.25,Hot-Suppressed
TCGA-ER-A3EV-06,0.483,-0.095,Hot-Active
TCGA-ER-A3PL-06,-0.594,-0.502,Cold-Desert
TCGA-ER-A42H-01,-0.675,-1.07,Cold-Desert
TCGA-ER-A42K-06,-0.444,-1.097,Cold-Desert
TCGA-ER-A42L-06,0.763,1.079,Hot-Suppressed
TCGA-FR-A2OS-01,-1.039,-1.163,Cold-Desert
TCGA-FR-A3R1-01,-0.572,0.353,Suppressed-Cold
TCGA-FR-A3YN-06,0.136,0.113,Hot-Suppressed
TCGA-FR-A3YO-06,-0.316,-0.342,Cold-Desert
TCGA-FR-A44A-06,0.516,1.306,Hot-Suppressed
TCGA-FR-A69P-06,-0.679,-0.598,Cold-Desert
TCGA-FR-A726-01,-0.889,-0.917,Cold-Desert
TCGA-FR-A728-01,0.093,1.021,Hot-Suppressed
TCGA-FR-A729-06,0.942,0.976,Hot-Suppressed
TCGA-FR-A7U8-06,-0.813,-0.815,Cold-Desert
TCGA-FR-A7U9-06,0.732,0.871,Hot-Suppressed
TCGA-FR-A7UA-06,1.255,1.902,Hot-Suppressed
TCGA-FR-A8YC-06,-0.181,-0.159,Cold-Desert
TCGA-FR-A8YD-06,-0.037,-0.647,Cold-Desert
TCGA-FR-A8YE-06,0.974,0.69,Hot-Suppressed
TCGA-FS-A1YW-06,-0.219,-0.697,Cold-Desert
TCGA-FS-A1YX-06,-0.388,-0.617,Cold-Desert
TCGA-FS-A1YY-06,-1.368,-1.038,Cold-Desert
TCGA-FS-A1Z0-06,0.25,0.578,Hot-Suppressed
TCGA-FS-A1Z3-06,-0.797,-0.994,Cold-Desert
TCGA-FS-A1Z4-06,1.008,0.813,Hot-Suppressed
TCGA-FS-A1Z7-06,-0.06,-0.332,Cold-Desert
TCGA-FS-A1ZA-06,-0.062,-0.1,Cold-Desert
TCGA-FS-A1ZB-06,0.031,0.071,Hot-Suppressed
TCGA-FS-A1ZC-06,-0.822,-0.8,Cold-Desert
TCGA-FS-A1ZD-06,-0.349,-1.042,Cold-Desert
TCGA-FS-A1ZE-06,-1.004,-1.267,Cold-Desert
TCGA-FS-A1ZF-06,-0.592,-0.724,Cold-Desert
TCGA-FS-A1ZG-06,-0.739,-1.07,Cold-Desert
TCGA-FS-A1ZH-06,0.722,0.975,Hot-Suppressed
TCGA-FS-A1ZJ-06,-0.25,-0.41,Cold-Desert
TCGA-FS-A1ZK-06,-0.761,-1.529,Cold-Desert
TCGA-FS-A1ZM-06,0.439,0.913,Hot-Suppressed
TCGA-FS-A1ZN-01,-1.38,-0.832,Cold-Desert
TCGA-FS-A1ZP-06,0.612,-0.16,Hot-Active
TCGA-FS-A1ZQ-06,0.123,-0.254,Hot-Active
TCGA-FS-A1ZR-06,-0.115,-0.407,Cold-Desert
TCGA-FS-A1ZS-06,-0.49,-0.089,Cold-Desert
TCGA-FS-A1ZT-06,0.342,0.568,Hot-Suppressed
TCGA-FS-A1ZU-06,-1.11,-1.361,Cold-Desert
TCGA-FS-A1ZW-06,0.243,0.509,Hot-Suppressed
TCGA-FS-A1ZY-06,-1.252,-1.551,Cold-Desert
TCGA-FS-A1ZZ-06,-1.025,-1.481,Cold-Desert
TCGA-FS-A4F0-06,-1.405,-1.214,Cold-Desert
TCGA-FS-A4F2-06,-0.638,-0.992,Cold-Desert
TCGA-FS-A4F4-06,-0.142,0.046,Suppressed-Cold
TCGA-FS-A4F5-06,-0.691,-0.868,Cold-Desert
TCGA-FS-A4F8-06,0.705,0.724,Hot-Suppressed
TCGA-FS-A4F9-06,-0.897,-0.49,Cold-Desert
TCGA-FS-A4FB-06,-1.056,-1.378,Cold-Desert
TCGA-FS-A4FC-06,0.239,-0.019,Hot-Active
TCGA-FS-A4FD-06,-0.097,-0.25,Cold-Desert
TCGA-FW-A3I3-06,-0.555,-0.7,Cold-Desert
TCGA-FW-A3R5-06,-0.205,-0.246,Cold-Desert
TCGA-FW-A3TU-06,0.331,-0.028,Hot-Active
TCGA-FW-A3TV-06,-0.126,-0.067,Cold-Desert
TCGA-FW-A5DX-01,-0.676,-1.235,Cold-Desert
TCGA-FW-A5DY-06,0.607,0.551,Hot-Suppressed
TCGA-GF-A2C7-01,-1.447,-1.195,Cold-Desert
TCGA-GF-A3OT-06,-0.417,0.738,Suppressed-Cold
TCGA-GF-A4EO-06,1.283,1.264,Hot-Suppressed
TCGA-GF-A6C8-06,-0.103,0.361,Suppressed-Cold
TCGA-GF-A6C9-06,1.068,0.798,Hot-Suppressed
TCGA-GF-A769-01,-0.548,-0.556,Cold-Desert
TCGA-GN-A262-06,-0.619,-1.872,Cold-Desert
TCGA-GN-A263-01,-0.258,-0.768,Cold-Desert
TCGA-GN-A264-06,-0.826,-0.923,Cold-Desert
TCGA-GN-A265-06,1.321,1.068,Hot-Suppressed
TCGA-GN-A266-06,0.532,0.972,Hot-Suppressed
TCGA-GN-A267-06,0.097,0.026,Hot-Suppressed
TCGA-GN-A268-06,-1.046,-0.635,Cold-Desert
TCGA-GN-A26A-06,0.314,0.869,Hot-Suppressed
TCGA-GN-A26C-01,0.744,1.173,Hot-Suppressed
TCGA-GN-A26D-06,-0.13,-0.818,Cold-Desert
TCGA-GN-A4U3-06,-1.09,-0.86,Cold-Desert
TCGA-GN-A4U4-06,-0.899,-0.816,Cold-Desert
TCGA-GN-A4U5-01,0.204,0.908,Hot-Suppressed
TCGA-GN-A4U7-06,-1.185,-0.972,Cold-Desert
TCGA-GN-A4U8-06,0.516,0.722,Hot-Suppressed
TCGA-GN-A4U9-06,-0.3,-0.322,Cold-Desert
TCGA-GN-A8LK-06,-1.041,-1.135,Cold-Desert
TCGA-GN-A8LL-06,-0.277,-1.103,Cold-Desert
TCGA-GN-A9SD-06,0.802,0.583,Hot-Suppressed
TCGA-HR-A2OG-06,0.704,0.508,Hot-Suppressed
TCGA-HR-A2OH-06,1.162,1.631,Hot-Suppressed
TCGA-IH-A3EA-01,-0.645,-0.39,Cold-Desert
TCGA-LH-A9QB-06,-1.434,-0.607,Cold-Desert
TCGA-OD-A75X-06,-0.492,-0.431,Cold-Desert
TCGA-QB-A6FS-06,0.967,0.536,Hot-Suppressed
TCGA-QB-AA9O-06,0.029,0.8,Hot-Suppressed
TCGA-RP-A690-06,-1.198,-0.702,Cold-Desert
TCGA-RP-A693-06,0.314,0.507,Hot-Suppressed
TCGA-RP-A694-06,0.051,0.03,Hot-Suppressed
TCGA-RP-A695-06,-0.165,-0.058,Cold-Desert
TCGA-RP-A6K9-06,-0.056,0.391,Suppressed-Cold
TCGA-W3-A824-06,0.142,0.733,Hot-Suppressed
TCGA-W3-A825-06,0.503,0.661,Hot-Suppressed
TCGA-W3-A828-06,-0.106,0.038,Suppressed-Cold
TCGA-W3-AA1O-06,-0.652,-0.824,Cold-Desert
TCGA-W3-AA1Q-06,-0.279,0.188,Suppressed-Cold
TCGA-W3-AA1R-06,-0.37,0.439,Suppressed-Cold
TCGA-W3-AA1V-06,0.009,0.562,Hot-Suppressed
TCGA-W3-AA1W-06,0.913,1.547,Hot-Suppressed
TCGA-W3-AA21-06,-0.569,-0.974,Cold-Desert
TCGA-WE-A8JZ-06,-0.785,-0.596,Cold-Desert
TCGA-WE-A8K1-06,0.266,0.639,Hot-Suppressed
TCGA-WE-A8K5-06,0.02,0.022,Hot-Suppressed
TCGA-WE-A8K6-06,-0.693,-0.668,Cold-Desert
TCGA-WE-A8ZM-06,-0.751,-1.211,Cold-Desert
TCGA-WE-A8ZN-06,0.29,0.8,Hot-Suppressed
TCGA-WE-A8ZO-06,0.243,0.433,Hot-Suppressed
TCGA-WE-A8ZQ-06,-1.064,-1.715,Cold-Desert
TCGA-WE-A8ZT-06,-1.025,-0.735,Cold-Desert
TCGA-WE-A8ZX-06,0.45,0.623,Hot-Suppressed
TCGA-WE-A8ZY-06,-0.604,-0.225,Cold-Desert
TCGA-WE-AA9Y-06,0.15,-0.19,Hot-Active
TCGA-WE-AAA0-06,-0.271,0.062,Suppressed-Cold
TCGA-WE-AAA3-06,0.383,0.493,Hot-Suppressed
TCGA-WE-AAA4-06,1.325,1.543,Hot-Suppressed
TCGA-XV-AB01-06,0.313,-0.332,Hot-Active
TCGA-YD-A89C-06,-0.902,-1.236,Cold-Desert
TCGA-YD-A9TA-06,0.436,0.327,Hot-Suppressed
TCGA-YD-A9TB-06,-0.128,-0.242,Cold-Desert
TCGA-YG-AA3O-06,-0.476,0.072,Suppressed-Cold
TCGA-YG-AA3P-06,-0.729,-1.254,Cold-Desert
TCGA-Z2-A8RT-06,0.631,0.247,Hot-Suppressed
TCGA-Z2-AA3S-06,0.16,-0.556,Hot-Active
TCGA-Z2-AA3V-06,1.304,1.192,Hot-Suppressed
